tiempo_id,cliente_id,producto_id,region_id,cantidad,precio_venta,descuento,monto_total,costo_total,ganancia
640,13,7,5,13,4500.0,20.0,46800.0,28045.24,18754.76
173,19,4,7,5,450.0,5.0,2137.5,1470.89,666.61
259,7,13,1,5,850.0,0.0,4250.0,2844.76,1405.24
517,9,11,6,11,120.0,5.0,1254.0,815.5,438.5
729,19,8,8,4,1900.0,15.0,6460.0,4814.23,1645.77
523,13,13,1,6,850.0,0.0,5100.0,3502.12,1597.88
839,8,5,9,3,1200.0,10.0,3240.0,2025.29,1214.71
117,18,7,3,9,4500.0,0.0,40500.0,28755.59,11744.41
184,2,10,1,5,95.0,10.0,427.5,310.76,116.74
162,18,3,1,3,650.0,15.0,1657.5,953.14,704.36
543,18,7,6,11,4500.0,0.0,49500.0,29210.47,20289.53
839,11,11,6,1,120.0,15.0,102.0,60.51,41.49
1090,1,11,1,10,120.0,0.0,1200.0,825.89,374.11
1094,14,8,3,12,1900.0,0.0,22800.0,15289.86,7510.14
447,16,5,7,6,1200.0,0.0,7200.0,4851.35,2348.65
416,11,4,10,2,450.0,15.0,765.0,564.69,200.31
532,1,8,3,13,1900.0,5.0,23465.0,16547.1,6917.9
441,7,8,3,3,1900.0,0.0,5700.0,3280.85,2419.15
737,16,3,3,1,650.0,0.0,650.0,402.68,247.32
464,14,6,7,9,2800.0,0.0,25200.0,16054.38,9145.62
396,15,5,4,8,1200.0,20.0,7680.0,4832.2,2847.8
710,14,2,4,12,3800.0,10.0,41040.0,28065.69,12974.31
395,11,8,3,2,1900.0,20.0,3040.0,2214.27,825.73
326,16,12,10,12,3200.0,0.0,38400.0,23470.48,14929.52
749,19,6,9,11,2800.0,10.0,27720.0,18305.61,9414.39
1094,17,2,2,8,3800.0,10.0,27360.0,19367.65,7992.35
642,6,12,4,12,3200.0,15.0,32640.0,20669.07,11970.93
214,11,5,8,14,1200.0,0.0,16800.0,9804.88,6995.12
369,17,1,6,9,12500.0,20.0,90000.0,58049.12,31950.88
49,9,12,7,1,3200.0,20.0,2560.0,1436.27,1123.73
1076,18,10,7,13,95.0,0.0,1235.0,912.02,322.98
133,17,6,2,5,2800.0,20.0,11200.0,6327.6,4872.4
999,12,13,4,8,850.0,0.0,6800.0,4336.3,2463.7
785,5,12,10,11,3200.0,15.0,29920.0,19626.81,10293.19
373,11,9,10,14,180.0,5.0,2394.0,1788.46,605.54
479,4,1,6,2,12500.0,10.0,22500.0,13122.1,9377.9
832,4,11,3,4,120.0,15.0,408.0,233.74,174.26
650,3,11,9,7,120.0,0.0,840.0,463.46,376.54
682,17,10,4,3,95.0,0.0,285.0,165.62,119.38
687,7,12,10,13,3200.0,5.0,39520.0,23374.29,16145.71
82,4,12,2,12,3200.0,0.0,38400.0,25962.86,12437.14
87,13,3,6,5,650.0,10.0,2925.0,1737.28,1187.72
225,12,12,1,8,3200.0,20.0,20480.0,11348.05,9131.95
16,1,7,6,12,4500.0,0.0,54000.0,38627.48,15372.52
822,19,4,10,10,450.0,10.0,4050.0,2523.63,1526.37
163,20,9,1,3,180.0,15.0,459.0,284.92,174.08
514,18,3,8,4,650.0,0.0,2600.0,1587.29,1012.71
350,11,5,5,14,1200.0,15.0,14280.0,10639.67,3640.33
681,20,3,6,9,650.0,5.0,5557.5,3245.71,2311.79
181,3,7,2,14,4500.0,5.0,59850.0,43669.41,16180.59
742,17,5,2,14,1200.0,0.0,16800.0,11850.06,4949.94
660,12,9,9,7,180.0,0.0,1260.0,712.27,547.73
493,10,7,3,1,4500.0,0.0,4500.0,3363.06,1136.94
923,8,2,6,14,3800.0,5.0,50540.0,30539.97,20000.03
128,15,4,10,12,450.0,5.0,5130.0,2922.65,2207.35
565,5,9,5,4,180.0,20.0,576.0,412.34,163.66
550,4,12,4,4,3200.0,0.0,12800.0,8849.09,3950.91
453,20,2,10,9,3800.0,20.0,27360.0,18425.42,8934.58
471,19,10,2,6,95.0,20.0,456.0,265.03,190.97
988,4,9,8,9,180.0,0.0,1620.0,1046.03,573.97
737,15,10,10,12,95.0,0.0,1140.0,804.97,335.03
224,17,5,7,6,1200.0,0.0,7200.0,4397.22,2802.78
154,12,2,2,6,3800.0,0.0,22800.0,13961.31,8838.69
560,3,4,6,5,450.0,15.0,1912.5,1053.08,859.42
351,10,12,8,5,3200.0,5.0,15200.0,8889.7,6310.3
349,15,12,7,2,3200.0,5.0,6080.0,4408.49,1671.51
182,10,7,1,8,4500.0,0.0,36000.0,22980.57,13019.43
637,18,12,5,8,3200.0,20.0,20480.0,15295.42,5184.58
1018,1,13,2,11,850.0,0.0,9350.0,5882.47,3467.53
179,3,8,6,13,1900.0,5.0,23465.0,16262.12,7202.88
1063,12,3,7,1,650.0,10.0,585.0,354.73,230.27
771,1,1,7,8,12500.0,20.0,80000.0,49820.95,30179.05
894,3,4,3,5,450.0,5.0,2137.5,1257.16,880.34
1027,3,2,7,2,3800.0,10.0,6840.0,4236.78,2603.22
1016,5,8,5,14,1900.0,0.0,26600.0,17541.3,9058.7
64,19,4,8,2,450.0,0.0,900.0,673.52,226.48
29,1,2,8,14,3800.0,20.0,42560.0,29061.68,13498.32
372,4,6,7,6,2800.0,5.0,15960.0,9413.99,6546.01
97,4,6,6,11,2800.0,0.0,30800.0,17216.96,13583.04
993,17,10,2,13,95.0,10.0,1111.5,639.41,472.09
21,14,4,6,9,450.0,0.0,4050.0,2683.17,1366.83
734,18,6,9,1,2800.0,5.0,2660.0,1870.07,789.93
1070,1,13,2,12,850.0,0.0,10200.0,7528.46,2671.54
66,16,2,1,6,3800.0,5.0,21660.0,11981.55,9678.45
603,3,10,5,9,95.0,0.0,855.0,559.64,295.36
338,9,12,6,8,3200.0,0.0,25600.0,16490.84,9109.16
123,4,2,3,11,3800.0,20.0,33440.0,22779.7,10660.3
447,5,10,8,6,95.0,20.0,456.0,301.83,154.17
611,11,4,7,3,450.0,0.0,1350.0,928.0,422.0
671,9,8,2,8,1900.0,15.0,12920.0,8806.49,4113.51
615,3,7,7,9,4500.0,0.0,40500.0,23222.79,17277.21
897,6,12,1,1,3200.0,0.0,3200.0,2271.82,928.18
281,11,9,9,12,180.0,0.0,2160.0,1241.24,918.76
1067,9,8,7,9,1900.0,15.0,14535.0,10024.88,4510.12
596,15,5,6,14,1200.0,10.0,15120.0,9574.42,5545.58
702,3,13,2,6,850.0,0.0,5100.0,3329.13,1770.87
1075,1,2,3,6,3800.0,5.0,21660.0,15826.09,5833.91
210,20,5,1,12,1200.0,5.0,13680.0,9958.72,3721.28
126,19,8,10,4,1900.0,15.0,6460.0,4609.67,1850.33
492,14,10,5,1,95.0,0.0,95.0,61.94,33.06
960,17,9,9,10,180.0,20.0,1440.0,1004.04,435.96
970,14,12,6,8,3200.0,5.0,24320.0,15870.73,8449.27
581,17,12,5,2,3200.0,0.0,6400.0,4633.1,1766.9
776,14,12,3,12,3200.0,10.0,34560.0,21791.99,12768.01
258,12,13,5,1,850.0,0.0,850.0,632.44,217.56
230,16,9,8,2,180.0,10.0,324.0,238.61,85.39
189,1,13,2,1,850.0,15.0,722.5,504.54,217.96
10,13,13,5,1,850.0,0.0,850.0,515.0,335.0
676,6,1,6,9,12500.0,0.0,112500.0,64837.21,47662.79
502,17,9,10,13,180.0,0.0,2340.0,1687.0,653.0
85,12,7,8,14,4500.0,10.0,56700.0,33059.53,23640.47
49,19,9,8,1,180.0,5.0,171.0,123.27,47.73
838,6,8,5,13,1900.0,0.0,24700.0,16009.38,8690.62
1008,7,1,9,4,12500.0,0.0,50000.0,31565.57,18434.43
688,1,12,4,10,3200.0,15.0,27200.0,19873.36,7326.64
387,1,8,9,6,1900.0,15.0,9690.0,6499.76,3190.24
970,5,8,7,7,1900.0,0.0,13300.0,8848.79,4451.21
1006,6,11,6,2,120.0,0.0,240.0,158.82,81.18
218,16,3,4,6,650.0,0.0,3900.0,2434.51,1465.49
1005,16,1,2,7,12500.0,0.0,87500.0,61873.75,25626.25
255,14,8,8,10,1900.0,0.0,19000.0,11410.63,7589.37
236,1,3,6,14,650.0,15.0,7735.0,5706.72,2028.28
1050,13,3,3,10,650.0,0.0,6500.0,4737.18,1762.82
271,20,1,7,2,12500.0,10.0,22500.0,13893.66,8606.34
123,10,11,10,2,120.0,20.0,192.0,133.61,58.39
656,10,5,7,10,1200.0,10.0,10800.0,7178.16,3621.84
259,9,10,6,7,95.0,15.0,565.25,349.06,216.19
948,13,7,2,12,4500.0,0.0,54000.0,40376.03,13623.97
47,3,10,8,1,95.0,10.0,85.5,47.46,38.04
863,18,9,1,8,180.0,0.0,1440.0,864.76,575.24
525,20,12,1,11,3200.0,10.0,31680.0,20719.19,10960.81
888,2,7,6,13,4500.0,10.0,52650.0,34453.67,18196.33
208,17,9,5,3,180.0,0.0,540.0,360.6,179.4
746,19,8,9,11,1900.0,5.0,19855.0,13905.16,5949.84
149,13,12,7,6,3200.0,10.0,17280.0,11658.74,5621.26
438,13,2,2,9,3800.0,0.0,34200.0,22915.93,11284.07
155,1,1,7,6,12500.0,20.0,60000.0,33642.17,26357.83
358,2,7,3,9,4500.0,15.0,34425.0,21526.16,12898.84
456,1,7,1,7,4500.0,5.0,29925.0,17847.6,12077.4
775,5,8,8,9,1900.0,0.0,17100.0,10312.57,6787.43
629,3,5,3,2,1200.0,5.0,2280.0,1506.78,773.22
832,7,3,8,12,650.0,0.0,7800.0,4601.23,3198.77
486,13,12,7,8,3200.0,0.0,25600.0,15585.02,10014.98
533,18,8,2,8,1900.0,10.0,13680.0,8172.66,5507.34
200,7,6,1,2,2800.0,10.0,5040.0,3728.09,1311.91
371,1,11,7,12,120.0,0.0,1440.0,1064.06,375.94
1014,5,3,1,14,650.0,20.0,7280.0,4892.07,2387.93
853,17,1,6,4,12500.0,15.0,42500.0,31233.44,11266.56
248,8,3,10,14,650.0,5.0,8645.0,6113.42,2531.58
787,15,5,10,11,1200.0,0.0,13200.0,8817.46,4382.54
264,20,3,8,7,650.0,10.0,4095.0,2257.52,1837.48
1082,4,1,7,11,12500.0,15.0,116875.0,82338.82,34536.18
31,2,5,4,4,1200.0,5.0,4560.0,3148.67,1411.33
605,5,10,1,4,95.0,10.0,342.0,230.18,111.82
502,1,7,1,6,4500.0,10.0,24300.0,17060.66,7239.34
886,5,7,4,10,4500.0,0.0,45000.0,29366.3,15633.7
549,6,11,5,6,120.0,0.0,720.0,497.39,222.61
839,2,9,7,10,180.0,10.0,1620.0,1194.0,426.0
848,1,10,4,3,95.0,0.0,285.0,178.17,106.83
614,4,10,10,9,95.0,10.0,769.5,532.2,237.3
412,7,12,1,12,3200.0,15.0,32640.0,21057.29,11582.71
432,1,13,10,10,850.0,10.0,7650.0,5239.33,2410.67
678,1,3,7,14,650.0,0.0,9100.0,6393.47,2706.53
159,8,7,2,11,4500.0,20.0,39600.0,22139.98,17460.02
14,20,1,2,2,12500.0,0.0,25000.0,16983.0,8017.0
373,16,4,8,6,450.0,0.0,2700.0,1607.44,1092.56
225,13,13,10,12,850.0,0.0,10200.0,6976.87,3223.13
511,18,4,10,7,450.0,0.0,3150.0,2027.55,1122.45
603,20,5,10,12,1200.0,10.0,12960.0,9133.05,3826.95
216,10,7,5,13,4500.0,0.0,58500.0,33618.79,24881.21
988,12,7,10,9,4500.0,0.0,40500.0,27348.21,13151.79
840,1,13,2,13,850.0,0.0,11050.0,6692.92,4357.08
726,10,11,5,3,120.0,10.0,324.0,233.47,90.53
554,9,13,8,10,850.0,15.0,7225.0,5315.26,1909.74
1066,3,4,6,3,450.0,20.0,1080.0,809.22,270.78
676,19,13,3,7,850.0,5.0,5652.5,4008.76,1643.74
873,9,7,8,14,4500.0,10.0,56700.0,39732.34,16967.66
283,10,11,9,4,120.0,5.0,456.0,270.45,185.55
1082,19,3,5,13,650.0,0.0,8450.0,5215.35,3234.65
834,16,6,2,8,2800.0,20.0,17920.0,11525.01,6394.99
537,18,12,2,13,3200.0,5.0,39520.0,27848.8,11671.2
923,14,2,7,7,3800.0,0.0,26600.0,19497.62,7102.38
842,3,10,1,5,95.0,0.0,475.0,279.22,195.78
948,2,13,10,7,850.0,5.0,5652.5,4151.61,1500.89
665,1,9,2,3,180.0,20.0,432.0,297.7,134.3
67,18,5,10,12,1200.0,10.0,12960.0,8711.12,4248.88
6,9,6,4,2,2800.0,0.0,5600.0,3303.82,2296.18
637,13,12,1,6,3200.0,10.0,17280.0,9695.89,7584.11
314,2,12,4,2,3200.0,20.0,5120.0,3398.11,1721.89
565,7,12,10,3,3200.0,0.0,9600.0,6530.91,3069.09
826,16,12,5,6,3200.0,0.0,19200.0,11369.4,7830.6
506,19,4,9,5,450.0,5.0,2137.5,1413.51,723.99
1026,15,11,1,8,120.0,0.0,960.0,692.45,267.55
204,11,10,5,9,95.0,10.0,769.5,551.74,217.76
662,1,7,2,11,4500.0,0.0,49500.0,36405.82,13094.18
805,7,12,9,3,3200.0,0.0,9600.0,5982.5,3617.5
404,20,9,6,12,180.0,5.0,2052.0,1259.13,792.87
536,8,7,2,10,4500.0,0.0,45000.0,31494.83,13505.17
577,10,1,3,3,12500.0,15.0,31875.0,20279.59,11595.41
762,5,1,8,3,12500.0,0.0,37500.0,21281.61,16218.39
117,9,9,1,13,180.0,0.0,2340.0,1419.35,920.65
628,1,11,3,13,120.0,0.0,1560.0,988.6,571.4
748,2,9,10,6,180.0,10.0,972.0,591.47,380.53
105,19,4,1,1,450.0,20.0,360.0,221.92,138.08
495,14,13,8,7,850.0,10.0,5355.0,3259.88,2095.12
46,20,9,1,12,180.0,5.0,2052.0,1145.63,906.37
823,10,3,5,1,650.0,10.0,585.0,396.29,188.71
982,9,7,4,14,4500.0,0.0,63000.0,42175.88,20824.12
960,10,6,7,5,2800.0,10.0,12600.0,8576.53,4023.47
845,6,8,5,10,1900.0,5.0,18050.0,10621.74,7428.26
449,17,11,8,13,120.0,15.0,1326.0,807.71,518.29
536,6,9,1,8,180.0,0.0,1440.0,970.45,469.55
511,4,5,5,4,1200.0,20.0,3840.0,2572.51,1267.49
540,20,1,4,5,12500.0,0.0,62500.0,40704.13,21795.87
16,3,3,3,4,650.0,10.0,2340.0,1450.99,889.01
243,19,10,5,12,95.0,0.0,1140.0,835.15,304.85
912,18,12,10,12,3200.0,0.0,38400.0,23729.44,14670.56
760,4,8,3,14,1900.0,15.0,22610.0,14495.81,8114.19
704,8,11,8,4,120.0,10.0,432.0,296.19,135.81
115,17,6,3,12,2800.0,20.0,26880.0,17703.28,9176.72
397,5,8,1,8,1900.0,5.0,14440.0,8943.81,5496.19
394,13,9,9,2,180.0,15.0,306.0,194.96,111.04
978,1,4,9,1,450.0,10.0,405.0,287.1,117.9
297,13,1,6,3,12500.0,15.0,31875.0,19304.32,12570.68
1002,4,1,10,9,12500.0,0.0,112500.0,65075.74,47424.26
178,14,10,1,4,95.0,20.0,304.0,186.24,117.76
967,3,4,8,10,450.0,5.0,4275.0,3077.6,1197.4
315,5,12,2,5,3200.0,10.0,14400.0,8176.29,6223.71
1063,7,7,9,2,4500.0,0.0,9000.0,6735.05,2264.95
259,1,2,8,4,3800.0,5.0,14440.0,9504.42,4935.58
7,12,3,3,2,650.0,0.0,1300.0,971.06,328.94
49,11,1,5,2,12500.0,15.0,21250.0,15678.23,5571.77
161,8,5,9,4,1200.0,0.0,4800.0,3074.7,1725.3
176,6,1,1,6,12500.0,5.0,71250.0,42016.0,29234.0
1026,2,8,9,7,1900.0,15.0,11305.0,6590.55,4714.45
1001,19,1,4,10,12500.0,0.0,125000.0,74749.73,50250.27
455,20,11,4,3,120.0,0.0,360.0,249.13,110.87
276,20,1,4,3,12500.0,0.0,37500.0,22672.12,14827.88
498,14,2,10,10,3800.0,0.0,38000.0,23494.83,14505.17
676,1,2,9,6,3800.0,5.0,21660.0,13857.11,7802.89
1052,10,12,6,13,3200.0,5.0,39520.0,28954.19,10565.81
1025,16,6,8,12,2800.0,5.0,31920.0,18765.09,13154.91
56,4,7,4,3,4500.0,15.0,11475.0,6322.79,5152.21
547,11,5,3,13,1200.0,20.0,12480.0,7014.0,5466.0
36,16,1,1,2,12500.0,20.0,20000.0,14619.07,5380.93
439,20,1,10,8,12500.0,0.0,100000.0,67950.33,32049.67
595,1,3,7,5,650.0,5.0,3087.5,1866.73,1220.77
307,16,2,4,1,3800.0,15.0,3230.0,1890.97,1339.03
619,19,5,8,3,1200.0,0.0,3600.0,2191.87,1408.13
357,9,12,3,10,3200.0,0.0,32000.0,18334.7,13665.3
181,9,10,1,8,95.0,15.0,646.0,476.95,169.05
68,9,6,5,4,2800.0,20.0,8960.0,6333.3,2626.7
292,17,7,2,14,4500.0,20.0,50400.0,32380.9,18019.1
691,12,4,3,7,450.0,0.0,3150.0,2277.43,872.57
181,13,7,6,10,4500.0,0.0,45000.0,26995.12,18004.88
434,8,11,3,12,120.0,0.0,1440.0,998.53,441.47
914,16,8,3,14,1900.0,0.0,26600.0,19184.62,7415.38
66,18,11,6,14,120.0,0.0,1680.0,1043.87,636.13
1045,1,1,5,2,12500.0,0.0,25000.0,17537.32,7462.68
384,1,6,10,7,2800.0,0.0,19600.0,11936.68,7663.32
39,12,8,9,5,1900.0,10.0,8550.0,5213.55,3336.45
822,6,5,1,5,1200.0,15.0,5100.0,2914.2,2185.8
602,9,4,3,6,450.0,0.0,2700.0,1722.63,977.37
784,5,2,3,13,3800.0,0.0,49400.0,34379.55,15020.45
671,16,6,6,9,2800.0,5.0,23940.0,17668.78,6271.22
479,18,6,8,14,2800.0,0.0,39200.0,26293.77,12906.23
561,17,11,3,6,120.0,20.0,576.0,416.23,159.77
101,18,1,3,12,12500.0,20.0,120000.0,85739.87,34260.13
514,1,9,6,13,180.0,20.0,1872.0,1094.5,777.5
176,19,12,8,14,3200.0,5.0,42560.0,27543.28,15016.72
238,8,11,6,8,120.0,20.0,768.0,440.36,327.64
910,3,6,10,7,2800.0,10.0,17640.0,12108.64,5531.36
1083,5,13,3,9,850.0,0.0,7650.0,5660.85,1989.15
871,8,3,4,4,650.0,20.0,2080.0,1201.03,878.97
495,19,4,1,2,450.0,0.0,900.0,627.1,272.9
947,18,12,8,7,3200.0,5.0,21280.0,14394.81,6885.19
754,18,11,4,6,120.0,10.0,648.0,432.04,215.96
211,1,4,6,1,450.0,0.0,450.0,282.61,167.39
140,15,3,3,11,650.0,0.0,7150.0,4440.34,2709.66
541,18,10,6,9,95.0,0.0,855.0,477.99,377.01
270,7,3,9,9,650.0,0.0,5850.0,3472.45,2377.55
1036,16,3,9,12,650.0,0.0,7800.0,4313.68,3486.32
506,16,4,10,2,450.0,20.0,720.0,479.72,240.28
32,15,7,3,3,4500.0,15.0,11475.0,6554.18,4920.82
1093,6,4,3,5,450.0,0.0,2250.0,1630.36,619.64
813,9,9,4,5,180.0,0.0,900.0,589.17,310.83
362,7,1,7,1,12500.0,10.0,11250.0,7761.8,3488.2
929,14,8,3,8,1900.0,10.0,13680.0,8648.11,5031.89
100,11,7,10,12,4500.0,20.0,43200.0,28603.41,14596.59
9,16,2,8,8,3800.0,15.0,25840.0,19083.66,6756.34
696,6,8,8,4,1900.0,10.0,6840.0,3875.18,2964.82
1053,16,1,6,13,12500.0,20.0,130000.0,78102.38,51897.62
462,20,11,4,7,120.0,20.0,672.0,474.43,197.57
921,16,12,5,11,3200.0,0.0,35200.0,20055.11,15144.89
390,12,9,2,10,180.0,15.0,1530.0,864.65,665.35
632,17,9,6,3,180.0,10.0,486.0,302.44,183.56
682,5,2,3,6,3800.0,15.0,19380.0,11016.24,8363.76
157,13,7,6,14,4500.0,0.0,63000.0,42021.99,20978.01
335,8,10,5,10,95.0,0.0,950.0,565.49,384.51
260,5,3,2,13,650.0,15.0,7182.5,5237.05,1945.45
82,12,7,5,10,4500.0,0.0,45000.0,31801.5,13198.5
753,9,12,5,12,3200.0,0.0,38400.0,26493.74,11906.26
719,3,10,9,14,95.0,15.0,1130.5,761.27,369.23
75,3,9,8,9,180.0,10.0,1458.0,1053.69,404.31
626,1,4,7,1,450.0,5.0,427.5,254.2,173.3
62,18,12,3,5,3200.0,0.0,16000.0,11593.95,4406.05
874,12,1,10,4,12500.0,0.0,50000.0,35394.92,14605.08
320,9,2,4,8,3800.0,0.0,30400.0,21268.82,9131.18
102,9,1,6,11,12500.0,15.0,116875.0,77400.6,39474.4
874,18,12,3,12,3200.0,0.0,38400.0,23011.16,15388.84
954,18,5,9,1,1200.0,15.0,1020.0,647.4,372.6
255,7,5,8,9,1200.0,20.0,8640.0,6123.29,2516.71
570,4,11,6,6,120.0,0.0,720.0,400.58,319.42
112,13,7,4,4,4500.0,0.0,18000.0,12715.38,5284.62
985,17,9,7,12,180.0,0.0,2160.0,1291.71,868.29
998,2,9,3,9,180.0,0.0,1620.0,937.76,682.24
461,14,3,10,11,650.0,0.0,7150.0,4097.95,3052.05
707,3,3,8,5,650.0,20.0,2600.0,1444.17,1155.83
887,5,3,1,5,650.0,15.0,2762.5,1808.66,953.84
1076,14,4,3,12,450.0,20.0,4320.0,2564.58,1755.42
520,3,8,5,5,1900.0,0.0,9500.0,7104.92,2395.08
812,7,6,5,1,2800.0,0.0,2800.0,1861.68,938.32
236,18,8,10,1,1900.0,5.0,1805.0,1042.53,762.47
927,13,1,2,8,12500.0,0.0,100000.0,68775.25,31224.75
557,10,8,10,12,1900.0,10.0,20520.0,14970.34,5549.66
649,13,4,8,8,450.0,0.0,3600.0,2516.53,1083.47
234,16,11,5,12,120.0,20.0,1152.0,651.21,500.79
1056,9,1,7,6,12500.0,10.0,67500.0,49219.44,18280.56
579,2,8,7,12,1900.0,10.0,20520.0,14544.29,5975.71
542,5,4,5,11,450.0,10.0,4455.0,2591.3,1863.7
114,17,6,8,13,2800.0,5.0,34580.0,19377.15,15202.85
204,4,8,9,4,1900.0,0.0,7600.0,5027.11,2572.89
1053,17,4,4,2,450.0,20.0,720.0,418.47,301.53
643,9,3,4,14,650.0,0.0,9100.0,6523.96,2576.04
474,20,9,8,2,180.0,5.0,342.0,212.61,129.39
696,2,3,1,9,650.0,0.0,5850.0,4285.58,1564.42
253,18,9,4,5,180.0,0.0,900.0,596.82,303.18
905,11,13,6,4,850.0,20.0,2720.0,1595.37,1124.63
386,13,2,4,10,3800.0,20.0,30400.0,17568.76,12831.24
62,8,2,6,13,3800.0,0.0,49400.0,32865.55,16534.45
515,1,2,5,1,3800.0,0.0,3800.0,2669.03,1130.97
430,17,6,9,7,2800.0,15.0,16660.0,11766.98,4893.02
580,12,3,10,3,650.0,15.0,1657.5,1003.04,654.46
742,4,13,9,6,850.0,5.0,4845.0,2862.67,1982.33
675,13,9,4,5,180.0,15.0,765.0,423.31,341.69
311,9,4,4,5,450.0,20.0,1800.0,1234.51,565.49
471,7,1,8,11,12500.0,15.0,116875.0,66071.03,50803.97
809,5,4,10,5,450.0,0.0,2250.0,1426.84,823.16
172,5,1,4,1,12500.0,0.0,12500.0,8379.21,4120.79
576,17,5,2,1,1200.0,0.0,1200.0,884.91,315.09
31,9,4,2,3,450.0,15.0,1147.5,702.68,444.82
47,6,8,1,14,1900.0,5.0,25270.0,15160.85,10109.15
130,19,8,5,12,1900.0,10.0,20520.0,13970.67,6549.33
352,16,7,6,10,4500.0,10.0,40500.0,27290.84,13209.16
978,2,3,9,4,650.0,0.0,2600.0,1602.7,997.3
58,10,1,5,5,12500.0,10.0,56250.0,41378.65,14871.35
812,16,1,6,2,12500.0,10.0,22500.0,16176.88,6323.12
767,5,12,6,8,3200.0,0.0,25600.0,15226.79,10373.21
683,15,11,3,11,120.0,0.0,1320.0,789.13,530.87
997,13,3,4,11,650.0,15.0,6077.5,3965.33,2112.17
286,13,6,1,14,2800.0,0.0,39200.0,27624.81,11575.19
1095,13,7,4,2,4500.0,0.0,9000.0,5029.27,3970.73
886,15,6,1,9,2800.0,20.0,20160.0,13883.53,6276.47
397,14,6,5,2,2800.0,0.0,5600.0,3806.02,1793.98
26,8,6,8,13,2800.0,0.0,36400.0,21705.18,14694.82
313,11,13,8,9,850.0,5.0,7267.5,4987.47,2280.03
126,18,3,5,7,650.0,15.0,3867.5,2854.36,1013.14
811,4,6,10,8,2800.0,5.0,21280.0,11903.12,9376.88
188,10,8,2,11,1900.0,0.0,20900.0,12831.15,8068.85
697,1,11,6,2,120.0,0.0,240.0,153.03,86.97
810,5,11,1,7,120.0,0.0,840.0,613.08,226.92
715,13,2,7,12,3800.0,10.0,41040.0,30470.24,10569.76
450,1,5,4,6,1200.0,20.0,5760.0,3679.62,2080.38
523,8,1,5,4,12500.0,20.0,40000.0,28000.23,11999.77
986,3,12,6,7,3200.0,5.0,21280.0,13966.75,7313.25
658,3,1,1,14,12500.0,0.0,175000.0,115072.4,59927.6
597,7,5,9,13,1200.0,20.0,12480.0,7558.14,4921.86
100,4,12,10,4,3200.0,0.0,12800.0,7595.41,5204.59
616,3,13,4,2,850.0,20.0,1360.0,826.34,533.66
948,15,3,8,10,650.0,15.0,5525.0,3653.49,1871.51
556,8,4,5,12,450.0,15.0,4590.0,2551.26,2038.74
278,3,3,8,7,650.0,20.0,3640.0,2662.48,977.52
491,7,1,1,8,12500.0,0.0,100000.0,58125.67,41874.33
255,18,1,8,2,12500.0,15.0,21250.0,12622.88,8627.12
381,11,12,4,5,3200.0,10.0,14400.0,9412.64,4987.36
892,11,12,2,1,3200.0,20.0,2560.0,1771.58,788.42
542,17,13,6,7,850.0,10.0,5355.0,3047.78,2307.22
825,6,5,2,8,1200.0,20.0,7680.0,4711.98,2968.02
879,8,6,5,13,2800.0,0.0,36400.0,27071.95,9328.05
281,1,3,2,6,650.0,0.0,3900.0,2349.63,1550.37
772,10,12,3,5,3200.0,0.0,16000.0,9801.76,6198.24
843,19,9,6,6,180.0,15.0,918.0,658.48,259.52
718,3,5,1,2,1200.0,10.0,2160.0,1209.69,950.31
328,4,8,6,1,1900.0,10.0,1710.0,1099.4,610.6
211,11,13,3,7,850.0,10.0,5355.0,3351.82,2003.18
726,15,1,7,7,12500.0,0.0,87500.0,53665.27,33834.73
923,1,5,2,10,1200.0,10.0,10800.0,6557.11,4242.89
552,9,3,6,11,650.0,0.0,7150.0,4063.16,3086.84
26,11,12,8,10,3200.0,0.0,32000.0,19614.89,12385.11
27,19,1,1,14,12500.0,0.0,175000.0,97756.83,77243.17
701,13,4,9,2,450.0,15.0,765.0,540.24,224.76
682,16,13,5,2,850.0,20.0,1360.0,856.32,503.68
413,4,5,5,1,1200.0,0.0,1200.0,766.54,433.46
167,1,7,5,10,4500.0,20.0,36000.0,26233.88,9766.12
169,20,1,6,8,12500.0,20.0,80000.0,54528.88,25471.12
229,13,3,2,8,650.0,15.0,4420.0,2438.12,1981.88
367,1,2,6,1,3800.0,0.0,3800.0,2806.81,993.19
528,5,9,4,12,180.0,0.0,2160.0,1290.45,869.55
790,5,10,8,11,95.0,5.0,992.75,567.38,425.37
524,14,6,9,8,2800.0,15.0,19040.0,13397.03,5642.97
1096,14,10,9,9,95.0,5.0,812.25,528.04,284.21
106,8,3,8,14,650.0,5.0,8645.0,5504.74,3140.26
731,4,8,3,4,1900.0,0.0,7600.0,4559.24,3040.76
965,7,8,10,1,1900.0,15.0,1615.0,1065.08,549.92
133,20,2,4,1,3800.0,0.0,3800.0,2298.53,1501.47
534,19,6,1,3,2800.0,5.0,7980.0,5827.93,2152.07
975,15,7,9,14,4500.0,15.0,53550.0,31757.34,21792.66
269,4,2,5,5,3800.0,5.0,18050.0,13120.02,4929.98
673,19,11,6,5,120.0,10.0,540.0,357.42,182.58
790,9,10,3,9,95.0,20.0,684.0,489.54,194.46
18,13,2,10,10,3800.0,15.0,32300.0,22369.99,9930.01
117,14,10,8,14,95.0,15.0,1130.5,779.3,351.2
797,14,1,7,12,12500.0,20.0,120000.0,73784.3,46215.7
551,10,8,1,2,1900.0,5.0,3610.0,2154.37,1455.63
929,16,1,10,2,12500.0,10.0,22500.0,13323.99,9176.01
752,5,9,5,6,180.0,0.0,1080.0,779.15,300.85
422,6,11,10,9,120.0,20.0,864.0,616.97,247.03
646,2,6,9,1,2800.0,0.0,2800.0,1786.72,1013.28
558,13,7,6,9,4500.0,5.0,38475.0,22180.1,16294.9
50,13,13,8,9,850.0,20.0,6120.0,3833.88,2286.12
678,19,10,10,13,95.0,20.0,988.0,665.78,322.22
106,18,7,1,9,4500.0,15.0,34425.0,22062.32,12362.68
658,19,10,10,5,95.0,0.0,475.0,335.37,139.63
1096,1,3,7,13,650.0,0.0,8450.0,6333.48,2116.52
988,8,2,3,9,3800.0,0.0,34200.0,20117.34,14082.66
842,16,9,9,11,180.0,20.0,1584.0,1016.82,567.18
446,2,8,6,4,1900.0,0.0,7600.0,4835.1,2764.9
70,8,13,5,2,850.0,0.0,1700.0,1038.53,661.47
150,6,12,8,13,3200.0,5.0,39520.0,23301.75,16218.25
773,16,10,8,6,95.0,0.0,570.0,320.99,249.01
944,11,7,3,14,4500.0,20.0,50400.0,36662.16,13737.84
455,17,9,2,4,180.0,0.0,720.0,456.46,263.54
946,19,4,2,6,450.0,20.0,2160.0,1402.66,757.34
601,11,13,5,3,850.0,0.0,2550.0,1870.14,679.86
653,8,4,10,6,450.0,0.0,2700.0,1904.2,795.8
724,4,1,7,2,12500.0,10.0,22500.0,12962.26,9537.74
233,11,8,8,2,1900.0,0.0,3800.0,2519.72,1280.28
251,8,12,10,13,3200.0,0.0,41600.0,26559.54,15040.46
79,9,3,8,9,650.0,15.0,4972.5,3527.7,1444.8
1076,2,7,8,7,4500.0,15.0,26775.0,18604.52,8170.48
898,16,12,10,3,3200.0,0.0,9600.0,6605.58,2994.42
921,6,2,3,13,3800.0,20.0,39520.0,24427.67,15092.33
780,19,2,2,11,3800.0,0.0,41800.0,29719.5,12080.5
226,8,7,4,1,4500.0,0.0,4500.0,2522.15,1977.85
1075,14,6,1,8,2800.0,15.0,19040.0,11079.85,7960.15
1058,16,3,3,14,650.0,10.0,8190.0,5054.25,3135.75
803,12,9,9,6,180.0,5.0,1026.0,580.06,445.94
741,5,10,7,7,95.0,0.0,665.0,397.0,268.0
131,19,13,7,9,850.0,10.0,6885.0,4929.87,1955.13
1023,18,6,1,5,2800.0,5.0,13300.0,9837.35,3462.65
632,9,10,7,1,95.0,0.0,95.0,58.04,36.96
838,2,10,10,12,95.0,0.0,1140.0,687.31,452.69
758,20,6,7,10,2800.0,0.0,28000.0,16967.4,11032.6
703,12,1,4,7,12500.0,0.0,87500.0,52985.08,34514.92
497,2,4,7,5,450.0,0.0,2250.0,1253.67,996.33
323,10,10,8,3,95.0,0.0,285.0,209.58,75.42
615,1,6,3,12,2800.0,0.0,33600.0,19916.05,13683.95
329,4,6,10,13,2800.0,0.0,36400.0,23077.63,13322.37
133,12,11,2,9,120.0,5.0,1026.0,566.29,459.71
835,9,12,7,1,3200.0,5.0,3040.0,2193.64,846.36
651,4,5,5,1,1200.0,5.0,1140.0,793.7,346.3
121,9,1,5,1,12500.0,0.0,12500.0,9241.89,3258.11
606,6,8,5,3,1900.0,20.0,4560.0,3220.83,1339.17
965,1,5,7,12,1200.0,0.0,14400.0,8823.47,5576.53
129,10,12,9,6,3200.0,10.0,17280.0,10360.65,6919.35
29,14,12,8,10,3200.0,0.0,32000.0,22065.38,9934.62
721,18,12,6,11,3200.0,0.0,35200.0,21923.35,13276.65
333,6,5,7,3,1200.0,15.0,3060.0,2029.52,1030.48
944,18,7,9,8,4500.0,5.0,34200.0,18852.8,15347.2
1048,20,4,6,14,450.0,0.0,6300.0,3542.98,2757.02
356,16,6,1,14,2800.0,10.0,35280.0,23181.56,12098.44
139,15,13,4,10,850.0,0.0,8500.0,5637.32,2862.68
29,16,4,8,2,450.0,0.0,900.0,630.26,269.74
931,8,3,7,14,650.0,20.0,7280.0,4196.14,3083.86
496,13,7,3,9,4500.0,0.0,40500.0,26431.78,14068.22
1014,11,8,10,3,1900.0,10.0,5130.0,3021.0,2109.0
655,7,4,3,5,450.0,0.0,2250.0,1279.44,970.56
828,17,13,3,10,850.0,5.0,8075.0,5104.2,2970.8
351,18,2,1,8,3800.0,0.0,30400.0,17713.09,12686.91
554,19,12,10,2,3200.0,0.0,6400.0,3803.88,2596.12
299,13,10,1,6,95.0,20.0,456.0,279.76,176.24
64,15,3,6,12,650.0,0.0,7800.0,4694.65,3105.35
754,1,1,1,5,12500.0,20.0,50000.0,28375.91,21624.09
769,16,8,5,13,1900.0,20.0,19760.0,11223.35,8536.65
834,5,3,4,10,650.0,10.0,5850.0,3443.6,2406.4
166,3,12,5,9,3200.0,10.0,25920.0,14518.1,11401.9
506,10,10,7,12,95.0,0.0,1140.0,769.83,370.17
792,19,7,6,5,4500.0,10.0,20250.0,12301.17,7948.83
833,5,10,9,2,95.0,10.0,171.0,103.62,67.38
858,7,5,6,5,1200.0,0.0,6000.0,3698.4,2301.6
806,14,10,9,12,95.0,5.0,1083.0,739.21,343.79
760,3,5,4,4,1200.0,0.0,4800.0,3475.81,1324.19
833,13,7,1,11,4500.0,0.0,49500.0,34739.96,14760.04
283,13,9,1,7,180.0,5.0,1197.0,832.52,364.48
379,10,12,10,6,3200.0,20.0,15360.0,9936.05,5423.95
198,2,5,7,14,1200.0,0.0,16800.0,11571.19,5228.81
1015,6,1,3,2,12500.0,15.0,21250.0,14036.74,7213.26
1024,8,10,2,12,95.0,0.0,1140.0,676.31,463.69
556,4,10,6,11,95.0,10.0,940.5,556.51,383.99
356,12,1,6,11,12500.0,5.0,130625.0,79586.99,51038.01
1041,15,2,7,13,3800.0,0.0,49400.0,36168.73,13231.27
639,8,6,5,5,2800.0,0.0,14000.0,9232.76,4767.24
379,7,9,8,7,180.0,5.0,1197.0,834.05,362.95
680,14,8,7,11,1900.0,10.0,18810.0,11649.25,7160.75
506,19,13,2,7,850.0,0.0,5950.0,3757.68,2192.32
899,14,5,1,5,1200.0,0.0,6000.0,3450.68,2549.32
76,13,1,9,12,12500.0,10.0,135000.0,78874.96,56125.04
231,1,13,5,9,850.0,15.0,6502.5,4652.35,1850.15
962,19,7,5,4,4500.0,20.0,14400.0,9604.34,4795.66
302,1,5,10,11,1200.0,5.0,12540.0,7743.53,4796.47
725,4,6,4,3,2800.0,0.0,8400.0,5968.79,2431.21
215,10,13,2,4,850.0,0.0,3400.0,2037.63,1362.37
69,3,7,5,5,4500.0,20.0,18000.0,13413.72,4586.28
393,20,3,2,13,650.0,0.0,8450.0,5230.24,3219.76
267,9,12,7,6,3200.0,15.0,16320.0,10076.98,6243.02
1093,3,10,9,3,95.0,0.0,285.0,174.53,110.47
611,6,3,9,2,650.0,5.0,1235.0,709.41,525.59
1009,6,5,6,14,1200.0,0.0,16800.0,9613.42,7186.58
962,12,6,1,13,2800.0,5.0,34580.0,23501.29,11078.71
727,1,9,6,4,180.0,20.0,576.0,417.61,158.39
673,16,13,5,5,850.0,0.0,4250.0,3009.44,1240.56
423,5,12,4,4,3200.0,10.0,11520.0,6661.11,4858.89
115,9,5,6,14,1200.0,0.0,16800.0,11073.16,5726.84
220,10,1,6,11,12500.0,10.0,123750.0,70675.89,53074.11
31,13,4,6,13,450.0,10.0,5265.0,2943.45,2321.55
617,15,5,2,12,1200.0,5.0,13680.0,9319.87,4360.13
539,12,12,7,3,3200.0,20.0,7680.0,5045.99,2634.01
738,5,10,4,8,95.0,0.0,760.0,430.47,329.53
1026,5,10,9,10,95.0,0.0,950.0,529.14,420.86
871,18,5,10,4,1200.0,0.0,4800.0,3590.17,1209.83
101,12,7,2,14,4500.0,15.0,53550.0,29774.03,23775.97
1082,3,4,5,2,450.0,0.0,900.0,575.02,324.98
691,7,1,4,2,12500.0,15.0,21250.0,13832.13,7417.87
941,17,5,9,1,1200.0,15.0,1020.0,584.93,435.07
341,19,7,4,13,4500.0,0.0,58500.0,34153.02,24346.98
861,18,10,8,4,95.0,5.0,361.0,223.95,137.05
1044,1,10,8,10,95.0,10.0,855.0,600.5,254.5
38,5,6,6,9,2800.0,20.0,20160.0,13132.56,7027.44
660,2,5,6,14,1200.0,10.0,15120.0,10245.02,4874.98
928,1,4,8,11,450.0,10.0,4455.0,3328.04,1126.96
1050,7,2,10,7,3800.0,0.0,26600.0,18715.79,7884.21
454,11,4,9,12,450.0,0.0,5400.0,3439.11,1960.89
736,11,10,5,10,95.0,20.0,760.0,485.86,274.14
819,18,10,1,7,95.0,5.0,631.75,425.64,206.11
772,17,3,1,13,650.0,0.0,8450.0,5771.97,2678.03
13,2,10,2,7,95.0,0.0,665.0,432.34,232.66
915,7,1,10,8,12500.0,5.0,95000.0,64502.36,30497.64
921,7,8,10,1,1900.0,15.0,1615.0,895.85,719.15
825,10,5,5,10,1200.0,5.0,11400.0,7249.54,4150.46
371,3,13,4,13,850.0,5.0,10497.5,6359.26,4138.24
332,12,4,1,10,450.0,10.0,4050.0,2332.13,1717.87
261,3,8,4,8,1900.0,5.0,14440.0,8229.49,6210.51
696,11,7,4,4,4500.0,15.0,15300.0,10260.77,5039.23
799,12,2,10,4,3800.0,15.0,12920.0,8458.98,4461.02
950,4,1,4,4,12500.0,0.0,50000.0,30035.84,19964.16
387,16,12,1,6,3200.0,5.0,18240.0,11750.03,6489.97
821,20,11,9,7,120.0,10.0,756.0,490.23,265.77
468,18,4,3,6,450.0,5.0,2565.0,1510.79,1054.21
69,4,8,4,1,1900.0,0.0,1900.0,1292.8,607.2
200,6,12,5,12,3200.0,0.0,38400.0,27117.46,11282.54
216,15,2,7,8,3800.0,10.0,27360.0,19378.89,7981.11
212,1,3,6,13,650.0,0.0,8450.0,5665.67,2784.33
508,3,12,5,10,3200.0,0.0,32000.0,20874.49,11125.51
16,5,1,8,11,12500.0,15.0,116875.0,65707.29,51167.71
884,17,1,1,13,12500.0,15.0,138125.0,83920.09,54204.91
332,14,13,7,7,850.0,0.0,5950.0,3383.49,2566.51
716,9,3,6,6,650.0,10.0,3510.0,2607.1,902.9
551,3,11,5,6,120.0,5.0,684.0,394.68,289.32
942,13,5,7,5,1200.0,20.0,4800.0,2785.7,2014.3
256,3,12,3,6,3200.0,10.0,17280.0,12578.38,4701.62
992,11,3,1,12,650.0,0.0,7800.0,5762.53,2037.47
727,2,1,9,9,12500.0,15.0,95625.0,67240.23,28384.77
880,15,1,2,10,12500.0,10.0,112500.0,61996.61,50503.39
815,13,8,10,9,1900.0,10.0,15390.0,8468.64,6921.36
649,19,10,3,10,95.0,15.0,807.5,505.19,302.31
1000,16,11,8,8,120.0,0.0,960.0,555.53,404.47
471,18,12,10,10,3200.0,15.0,27200.0,15060.02,12139.98
689,7,13,9,9,850.0,0.0,7650.0,4917.52,2732.48
699,13,13,3,13,850.0,5.0,10497.5,7753.58,2743.92
507,4,12,6,10,3200.0,15.0,27200.0,16721.58,10478.42
992,9,2,7,8,3800.0,0.0,30400.0,20739.74,9660.26
1010,10,13,1,8,850.0,0.0,6800.0,4627.04,2172.96
804,9,3,7,1,650.0,0.0,650.0,390.14,259.86
831,7,2,4,10,3800.0,0.0,38000.0,25843.23,12156.77
214,15,3,5,11,650.0,20.0,5720.0,3388.91,2331.09
169,8,7,8,5,4500.0,15.0,19125.0,10985.43,8139.57
978,19,1,4,4,12500.0,0.0,50000.0,34513.83,15486.17
146,11,10,4,2,95.0,5.0,180.5,103.37,77.13
516,5,8,8,8,1900.0,15.0,12920.0,9682.01,3237.99
453,2,13,5,3,850.0,5.0,2422.5,1421.26,1001.24
60,10,10,6,4,95.0,10.0,342.0,228.74,113.26
528,16,10,5,12,95.0,0.0,1140.0,720.79,419.21
1024,13,10,1,7,95.0,0.0,665.0,382.56,282.44
474,8,2,7,10,3800.0,5.0,36100.0,20056.03,16043.97
756,9,3,6,9,650.0,0.0,5850.0,3946.1,1903.9
781,11,9,2,2,180.0,5.0,342.0,243.28,98.72
433,11,7,7,3,4500.0,0.0,13500.0,9698.44,3801.56
401,16,4,6,4,450.0,15.0,1530.0,989.21,540.79
57,10,10,5,10,95.0,0.0,950.0,670.22,279.78
1003,12,5,8,1,1200.0,5.0,1140.0,780.41,359.59
186,6,2,5,7,3800.0,20.0,21280.0,14786.43,6493.57
398,12,13,2,2,850.0,5.0,1615.0,1047.36,567.64
605,10,11,6,5,120.0,20.0,480.0,324.81,155.19
787,18,13,1,1,850.0,0.0,850.0,604.44,245.56
158,18,8,5,3,1900.0,5.0,5415.0,3409.16,2005.84
589,4,4,6,12,450.0,0.0,5400.0,3840.46,1559.54
466,9,9,7,2,180.0,5.0,342.0,228.59,113.41
446,7,5,2,1,1200.0,0.0,1200.0,699.82,500.18
801,18,13,1,7,850.0,15.0,5057.5,2806.59,2250.91
929,8,9,6,5,180.0,10.0,810.0,504.27,305.73
17,11,4,3,1,450.0,0.0,450.0,296.7,153.3
730,7,10,5,6,95.0,0.0,570.0,409.24,160.76
326,9,5,2,5,1200.0,20.0,4800.0,2762.39,2037.61
995,8,9,1,3,180.0,15.0,459.0,325.91,133.09
613,3,8,1,12,1900.0,0.0,22800.0,16475.32,6324.68
546,17,3,4,7,650.0,0.0,4550.0,2639.63,1910.37
596,2,1,10,11,12500.0,10.0,123750.0,89139.46,34610.54
921,15,3,2,10,650.0,15.0,5525.0,4134.31,1390.69
842,14,4,1,9,450.0,20.0,3240.0,2252.99,987.01
344,18,2,6,14,3800.0,10.0,47880.0,33848.95,14031.05
859,16,1,4,13,12500.0,0.0,162500.0,121693.5,40806.5
445,20,7,10,13,4500.0,0.0,58500.0,39259.13,19240.87
222,4,8,7,9,1900.0,20.0,13680.0,8366.38,5313.62
592,20,7,6,14,4500.0,0.0,63000.0,45202.89,17797.11
1031,6,5,5,9,1200.0,20.0,8640.0,5813.83,2826.17
1018,6,12,10,2,3200.0,5.0,6080.0,4050.73,2029.27
16,11,1,2,3,12500.0,0.0,37500.0,22527.27,14972.73
524,17,7,5,7,4500.0,15.0,26775.0,18776.42,7998.58
803,3,13,9,5,850.0,5.0,4037.5,2286.57,1750.93
21,13,7,9,2,4500.0,0.0,9000.0,6613.72,2386.28
228,3,9,2,3,180.0,10.0,486.0,298.97,187.03
1008,16,3,7,10,650.0,5.0,6175.0,3554.05,2620.95
809,15,9,10,6,180.0,10.0,972.0,620.6,351.4
404,11,1,4,13,12500.0,20.0,130000.0,72604.22,57395.78
1090,18,1,3,7,12500.0,5.0,83125.0,57100.66,26024.34
437,15,4,1,9,450.0,20.0,3240.0,2366.95,873.05
829,5,9,3,1,180.0,0.0,180.0,129.14,50.86
934,16,6,9,11,2800.0,0.0,30800.0,17724.6,13075.4
259,16,13,9,7,850.0,0.0,5950.0,3422.76,2527.24
103,17,11,7,8,120.0,0.0,960.0,684.18,275.82
993,9,3,3,12,650.0,20.0,6240.0,4585.47,1654.53
768,3,1,3,14,12500.0,0.0,175000.0,112373.44,62626.56
813,20,4,4,3,450.0,10.0,1215.0,789.5,425.5
226,13,12,7,4,3200.0,15.0,10880.0,6676.54,4203.46
943,3,13,7,10,850.0,0.0,8500.0,6195.25,2304.75
463,7,9,2,6,180.0,5.0,1026.0,696.63,329.37
237,6,3,5,10,650.0,0.0,6500.0,3949.73,2550.27
1050,9,12,7,7,3200.0,10.0,20160.0,12292.69,7867.31
506,12,9,7,13,180.0,0.0,2340.0,1704.08,635.92
814,15,7,6,14,4500.0,10.0,56700.0,31339.61,25360.39
766,20,12,10,4,3200.0,0.0,12800.0,7866.18,4933.82
634,3,4,10,8,450.0,0.0,3600.0,2379.14,1220.86
991,10,3,8,5,650.0,5.0,3087.5,1789.65,1297.85
618,1,10,3,1,95.0,10.0,85.5,48.6,36.9
273,19,5,1,4,1200.0,20.0,3840.0,2738.13,1101.87
232,19,5,3,3,1200.0,5.0,3420.0,2492.77,927.23
767,13,3,2,9,650.0,20.0,4680.0,3344.9,1335.1
496,12,12,2,8,3200.0,5.0,24320.0,17747.7,6572.3
1048,1,9,2,1,180.0,0.0,180.0,118.91,61.09
502,19,4,5,11,450.0,5.0,4702.5,3350.3,1352.2
25,16,11,1,6,120.0,0.0,720.0,451.3,268.7
288,15,5,10,9,1200.0,0.0,10800.0,7379.14,3420.86
338,16,4,4,7,450.0,20.0,2520.0,1884.37,635.63
1061,11,5,10,4,1200.0,10.0,4320.0,2571.03,1748.97
137,6,7,5,13,4500.0,5.0,55575.0,34899.99,20675.01
508,11,9,2,1,180.0,0.0,180.0,116.28,63.72
227,3,7,5,12,4500.0,0.0,54000.0,31190.57,22809.43
320,15,13,10,2,850.0,20.0,1360.0,770.04,589.96
916,1,5,4,12,1200.0,5.0,13680.0,9794.12,3885.88
86,7,10,8,5,95.0,15.0,403.75,300.94,102.81
926,1,10,1,12,95.0,0.0,1140.0,719.28,420.72
53,17,7,5,11,4500.0,0.0,49500.0,28092.73,21407.27
860,9,10,10,5,95.0,0.0,475.0,267.5,207.5
867,13,5,1,8,1200.0,0.0,9600.0,6991.33,2608.67
433,11,3,10,6,650.0,5.0,3705.0,2381.44,1323.56
999,20,7,10,8,4500.0,20.0,28800.0,17683.36,11116.64
100,6,13,4,2,850.0,0.0,1700.0,1097.0,603.0
990,1,11,8,3,120.0,0.0,360.0,220.92,139.08
599,7,11,1,6,120.0,0.0,720.0,466.42,253.58
403,12,2,2,12,3800.0,0.0,45600.0,32919.15,12680.85
396,20,12,1,13,3200.0,0.0,41600.0,27807.95,13792.05
415,19,9,7,10,180.0,0.0,1800.0,1240.08,559.92
939,17,10,2,3,95.0,10.0,256.5,159.78,96.72
677,4,10,1,6,95.0,0.0,570.0,397.69,172.31
463,3,12,6,6,3200.0,0.0,19200.0,13119.81,6080.19
541,1,1,6,2,12500.0,10.0,22500.0,12913.03,9586.97
84,18,13,10,7,850.0,10.0,5355.0,3558.55,1796.45
271,15,6,2,12,2800.0,5.0,31920.0,19195.05,12724.95
244,8,7,1,2,4500.0,20.0,7200.0,5117.9,2082.1
388,1,13,10,6,850.0,20.0,4080.0,2591.57,1488.43
214,20,8,3,1,1900.0,5.0,1805.0,1351.83,453.17
818,14,10,10,3,95.0,0.0,285.0,162.02,122.98
59,4,9,5,2,180.0,0.0,360.0,254.19,105.81
883,5,2,6,7,3800.0,0.0,26600.0,18214.09,8385.91
843,13,11,3,14,120.0,0.0,1680.0,1181.88,498.12
924,15,10,9,4,95.0,20.0,304.0,185.9,118.1
123,6,2,5,8,3800.0,5.0,28880.0,18726.11,10153.89
439,1,5,2,6,1200.0,15.0,6120.0,4340.93,1779.07
1022,19,13,10,12,850.0,15.0,8670.0,5171.73,3498.27
562,13,5,6,10,1200.0,5.0,11400.0,6785.36,4614.64
118,6,6,8,4,2800.0,0.0,11200.0,7394.35,3805.65
905,15,3,6,5,650.0,20.0,2600.0,1702.25,897.75
395,16,8,4,13,1900.0,20.0,19760.0,11983.5,7776.5
876,16,13,6,13,850.0,0.0,11050.0,6736.25,4313.75
935,10,1,8,9,12500.0,15.0,95625.0,57907.54,37717.46
952,9,6,8,7,2800.0,0.0,19600.0,13804.33,5795.67
75,9,4,10,10,450.0,0.0,4500.0,3061.71,1438.29
295,17,1,2,14,12500.0,0.0,175000.0,125384.6,49615.4
21,17,7,8,14,4500.0,0.0,63000.0,46940.96,16059.04
1039,17,9,6,9,180.0,10.0,1458.0,940.17,517.83
560,12,13,2,7,850.0,5.0,5652.5,3184.27,2468.23
372,13,4,1,12,450.0,5.0,5130.0,2870.84,2259.16
818,12,4,6,1,450.0,0.0,450.0,274.11,175.89
1093,14,6,7,12,2800.0,0.0,33600.0,24746.7,8853.3
846,10,12,10,8,3200.0,15.0,21760.0,14245.02,7514.98
521,19,3,5,4,650.0,0.0,2600.0,1571.33,1028.67
371,2,13,10,3,850.0,0.0,2550.0,1606.08,943.92
101,4,12,8,14,3200.0,15.0,38080.0,25502.9,12577.1
661,19,6,9,13,2800.0,0.0,36400.0,24773.47,11626.53
968,7,7,4,7,4500.0,0.0,31500.0,18294.69,13205.31
243,15,11,7,12,120.0,20.0,1152.0,858.71,293.29
752,15,10,8,3,95.0,10.0,256.5,169.02,87.48
512,6,10,6,8,95.0,0.0,760.0,438.62,321.38
849,3,3,2,6,650.0,10.0,3510.0,2557.83,952.17
555,6,7,7,5,4500.0,15.0,19125.0,10804.24,8320.76
226,16,3,9,4,650.0,10.0,2340.0,1711.82,628.18
214,2,13,5,8,850.0,15.0,5780.0,4331.03,1448.97
717,7,13,2,8,850.0,15.0,5780.0,3988.7,1791.3
67,11,2,4,12,3800.0,15.0,38760.0,27290.51,11469.49
396,7,12,3,1,3200.0,15.0,2720.0,1679.49,1040.51
612,4,10,4,9,95.0,15.0,726.75,536.57,190.18
1036,20,4,10,14,450.0,0.0,6300.0,4132.44,2167.56
769,7,12,7,5,3200.0,15.0,13600.0,9472.1,4127.9
407,4,8,10,4,1900.0,0.0,7600.0,5584.64,2015.36
925,12,13,8,6,850.0,15.0,4335.0,3229.73,1105.27
647,5,9,1,6,180.0,10.0,972.0,696.57,275.43
222,19,7,8,2,4500.0,20.0,7200.0,4396.35,2803.65
654,5,1,5,8,12500.0,15.0,85000.0,63181.31,21818.69
428,19,3,7,7,650.0,0.0,4550.0,3074.09,1475.91
977,3,13,1,1,850.0,15.0,722.5,531.85,190.65
1006,11,12,2,5,3200.0,15.0,13600.0,9319.01,4280.99
371,7,9,1,12,180.0,10.0,1944.0,1188.65,755.35
850,17,12,5,6,3200.0,5.0,18240.0,11381.85,6858.15
856,9,1,6,4,12500.0,10.0,45000.0,29704.25,15295.75
229,9,9,10,2,180.0,0.0,360.0,254.88,105.12
280,10,8,9,13,1900.0,5.0,23465.0,14398.04,9066.96
1071,13,1,8,14,12500.0,0.0,175000.0,116540.59,58459.41
975,15,6,7,4,2800.0,0.0,11200.0,6934.2,4265.8
757,5,5,5,1,1200.0,0.0,1200.0,855.78,344.22
1048,3,6,3,7,2800.0,10.0,17640.0,11348.62,6291.38
321,8,10,9,2,95.0,0.0,190.0,107.42,82.58
274,20,12,5,13,3200.0,0.0,41600.0,24261.56,17338.44
556,10,13,3,2,850.0,20.0,1360.0,764.62,595.38
844,13,13,3,9,850.0,5.0,7267.5,4722.86,2544.64
668,3,13,3,5,850.0,5.0,4037.5,2306.49,1731.01
1000,8,5,6,2,1200.0,15.0,2040.0,1168.57,871.43
380,9,6,1,11,2800.0,0.0,30800.0,22736.86,8063.14
710,12,5,4,9,1200.0,5.0,10260.0,7433.69,2826.31
745,11,11,8,9,120.0,0.0,1080.0,691.65,388.35
675,2,12,3,1,3200.0,5.0,3040.0,2271.37,768.63
116,18,5,5,11,1200.0,0.0,13200.0,7260.49,5939.51
605,9,4,2,3,450.0,0.0,1350.0,908.27,441.73
1066,2,3,2,4,650.0,15.0,2210.0,1487.96,722.04
379,2,3,7,14,650.0,0.0,9100.0,5837.55,3262.45
466,3,4,10,7,450.0,5.0,2992.5,1883.45,1109.05
280,16,9,3,10,180.0,0.0,1800.0,1153.94,646.06
618,19,2,5,4,3800.0,10.0,13680.0,8659.33,5020.67
118,4,9,3,2,180.0,0.0,360.0,250.6,109.4
309,18,1,6,7,12500.0,0.0,87500.0,50493.72,37006.28
100,20,1,10,6,12500.0,0.0,75000.0,44214.59,30785.41
261,18,5,3,3,1200.0,20.0,2880.0,1687.98,1192.02
993,10,6,8,6,2800.0,20.0,13440.0,8097.52,5342.48
286,11,6,2,11,2800.0,15.0,26180.0,17149.25,9030.75
328,17,3,3,6,650.0,15.0,3315.0,1896.98,1418.02
63,20,7,8,12,4500.0,0.0,54000.0,39076.23,14923.77
799,16,9,8,5,180.0,0.0,900.0,548.53,351.47
737,20,11,1,4,120.0,15.0,408.0,237.66,170.34
1031,13,12,8,10,3200.0,5.0,30400.0,20827.78,9572.22
639,2,10,10,12,95.0,5.0,1083.0,603.9,479.1
936,2,8,2,1,1900.0,0.0,1900.0,1280.59,619.41
476,14,6,7,10,2800.0,10.0,25200.0,17378.92,7821.08
53,4,12,6,6,3200.0,0.0,19200.0,11385.28,7814.72
753,17,8,2,2,1900.0,10.0,3420.0,1909.7,1510.3
486,13,12,5,13,3200.0,0.0,41600.0,25905.53,15694.47
409,4,5,7,3,1200.0,0.0,3600.0,2050.99,1549.01
1031,3,8,8,14,1900.0,0.0,26600.0,15249.66,11350.34
668,12,10,3,8,95.0,0.0,760.0,456.65,303.35
835,8,12,1,10,3200.0,10.0,28800.0,17541.9,11258.1
876,2,4,7,14,450.0,0.0,6300.0,4132.76,2167.24
367,6,10,5,14,95.0,0.0,1330.0,911.95,418.05
1002,10,8,5,6,1900.0,20.0,9120.0,6097.21,3022.79
250,12,10,7,3,95.0,10.0,256.5,148.69,107.81
380,10,12,1,7,3200.0,0.0,22400.0,13090.95,9309.05
872,10,2,8,4,3800.0,15.0,12920.0,9376.74,3543.26
835,3,12,10,14,3200.0,5.0,42560.0,28160.69,14399.31
774,20,12,5,9,3200.0,20.0,23040.0,16680.67,6359.33
919,10,5,8,5,1200.0,15.0,5100.0,3183.98,1916.02
455,9,9,10,3,180.0,0.0,540.0,363.36,176.64
366,20,4,10,2,450.0,0.0,900.0,589.26,310.74
403,19,11,5,11,120.0,20.0,1056.0,648.2,407.8
58,14,6,7,2,2800.0,0.0,5600.0,3606.31,1993.69
521,2,1,10,3,12500.0,0.0,37500.0,24393.68,13106.32
210,5,9,3,2,180.0,5.0,342.0,201.83,140.17
1065,20,1,2,14,12500.0,0.0,175000.0,107275.36,67724.64
816,8,5,6,4,1200.0,15.0,4080.0,2889.79,1190.21
173,7,4,5,2,450.0,10.0,810.0,593.86,216.14
234,6,13,9,10,850.0,15.0,7225.0,4493.65,2731.35
792,11,12,10,9,3200.0,5.0,27360.0,16727.75,10632.25
792,12,13,4,2,850.0,0.0,1700.0,1001.37,698.63
1063,18,13,3,9,850.0,10.0,6885.0,4721.03,2163.97
119,19,3,9,13,650.0,0.0,8450.0,5193.54,3256.46
335,10,13,8,6,850.0,5.0,4845.0,3621.88,1223.12
324,14,6,6,1,2800.0,10.0,2520.0,1550.15,969.85
1011,3,2,1,4,3800.0,5.0,14440.0,9080.26,5359.74
284,18,3,10,14,650.0,5.0,8645.0,5797.91,2847.09
213,15,5,1,1,1200.0,0.0,1200.0,852.4,347.6
929,6,9,6,14,180.0,20.0,2016.0,1298.11,717.89
751,10,2,3,6,3800.0,0.0,22800.0,14467.31,8332.69
339,12,10,3,14,95.0,10.0,1197.0,896.71,300.29
1046,7,8,6,13,1900.0,0.0,24700.0,13636.84,11063.16
105,17,2,3,4,3800.0,5.0,14440.0,10526.95,3913.05
769,1,11,10,3,120.0,0.0,360.0,208.74,151.26
715,18,13,6,3,850.0,20.0,2040.0,1442.66,597.34
762,15,5,5,9,1200.0,0.0,10800.0,7274.73,3525.27
379,19,7,4,6,4500.0,15.0,22950.0,14191.58,8758.42
712,1,8,8,9,1900.0,10.0,15390.0,11154.29,4235.71
225,5,1,2,13,12500.0,0.0,162500.0,89794.48,72705.52
737,15,6,7,5,2800.0,0.0,14000.0,8334.73,5665.27
236,3,1,4,2,12500.0,10.0,22500.0,14926.02,7573.98
183,1,2,2,8,3800.0,0.0,30400.0,18857.38,11542.62
711,8,1,7,5,12500.0,5.0,59375.0,39904.48,19470.52
444,12,11,1,2,120.0,10.0,216.0,119.84,96.16
623,19,5,4,4,1200.0,10.0,4320.0,2476.62,1843.38
1030,12,10,9,9,95.0,0.0,855.0,491.98,363.02
748,13,9,4,4,180.0,5.0,684.0,402.09,281.91
155,1,6,3,13,2800.0,0.0,36400.0,23363.93,13036.07
257,19,11,10,12,120.0,15.0,1224.0,857.32,366.68
235,6,11,10,12,120.0,20.0,1152.0,842.24,309.76
500,8,1,2,12,12500.0,0.0,150000.0,107561.18,42438.82
289,4,13,3,13,850.0,0.0,11050.0,6512.62,4537.38
510,5,1,1,14,12500.0,0.0,175000.0,111690.27,63309.73
708,7,2,10,4,3800.0,0.0,15200.0,8966.21,6233.79
784,4,9,8,2,180.0,0.0,360.0,217.04,142.96
894,20,3,1,13,650.0,10.0,7605.0,4948.64,2656.36
775,4,1,3,12,12500.0,20.0,120000.0,67634.62,52365.38
298,15,5,3,6,1200.0,0.0,7200.0,4274.17,2925.83
137,5,7,2,13,4500.0,0.0,58500.0,43118.92,15381.08
376,9,6,5,11,2800.0,5.0,29260.0,18820.71,10439.29
87,2,12,10,14,3200.0,5.0,42560.0,27199.13,15360.87
437,7,1,3,2,12500.0,10.0,22500.0,12440.55,10059.45
763,17,5,3,12,1200.0,15.0,12240.0,7337.63,4902.37
701,16,5,8,7,1200.0,0.0,8400.0,6075.37,2324.63
942,17,6,4,3,2800.0,0.0,8400.0,4896.58,3503.42
152,20,3,4,3,650.0,0.0,1950.0,1234.4,715.6
1032,2,5,3,5,1200.0,20.0,4800.0,2653.76,2146.24
807,11,7,1,3,4500.0,0.0,13500.0,8716.51,4783.49
235,2,5,8,2,1200.0,0.0,2400.0,1330.09,1069.91
675,1,5,1,10,1200.0,15.0,10200.0,7282.0,2918.0
561,2,5,7,9,1200.0,0.0,10800.0,7721.68,3078.32
38,9,10,5,2,95.0,0.0,190.0,134.43,55.57
822,2,10,4,14,95.0,10.0,1197.0,726.19,470.81
421,15,3,4,11,650.0,5.0,6792.5,4873.26,1919.24
348,10,1,8,2,12500.0,10.0,22500.0,14818.49,7681.51
747,15,5,6,13,1200.0,5.0,14820.0,9258.97,5561.03
273,10,9,1,8,180.0,10.0,1296.0,874.89,421.11
308,17,1,10,9,12500.0,0.0,112500.0,62152.67,50347.33
976,9,3,8,7,650.0,0.0,4550.0,2632.59,1917.41
732,18,13,2,3,850.0,5.0,2422.5,1692.02,730.48
1033,4,13,6,9,850.0,0.0,7650.0,4581.07,3068.93
444,9,4,9,3,450.0,0.0,1350.0,903.96,446.04
405,16,1,1,5,12500.0,0.0,62500.0,39188.78,23311.22
853,4,1,6,9,12500.0,0.0,112500.0,81108.13,31391.87
777,16,8,8,12,1900.0,0.0,22800.0,16883.01,5916.99
115,19,2,10,14,3800.0,10.0,47880.0,34795.02,13084.98
65,1,12,2,14,3200.0,5.0,42560.0,25711.52,16848.48
825,6,8,5,3,1900.0,5.0,5415.0,3188.53,2226.47
239,10,7,6,7,4500.0,20.0,25200.0,16251.15,8948.85
302,16,10,5,12,95.0,0.0,1140.0,628.67,511.33
969,4,10,3,1,95.0,0.0,95.0,52.74,42.26
369,13,2,4,4,3800.0,0.0,15200.0,10042.0,5158.0
233,16,6,7,4,2800.0,0.0,11200.0,7325.81,3874.19
195,20,6,4,7,2800.0,0.0,19600.0,14678.76,4921.24
907,6,3,9,8,650.0,10.0,4680.0,2762.92,1917.08
1036,11,11,10,1,120.0,0.0,120.0,72.19,47.81
921,3,2,2,5,3800.0,0.0,19000.0,10881.45,8118.55
688,20,12,5,7,3200.0,0.0,22400.0,16430.59,5969.41
177,10,1,8,12,12500.0,15.0,127500.0,89959.19,37540.81
217,1,6,5,4,2800.0,0.0,11200.0,8002.04,3197.96
1035,20,12,10,13,3200.0,10.0,37440.0,27351.9,10088.1
630,11,5,8,4,1200.0,0.0,4800.0,3143.9,1656.1
164,12,11,8,4,120.0,10.0,432.0,276.58,155.42
53,14,9,9,12,180.0,5.0,2052.0,1264.19,787.81
218,8,1,10,6,12500.0,10.0,67500.0,45079.4,22420.6
999,11,7,6,7,4500.0,0.0,31500.0,20186.95,11313.05
824,4,5,4,2,1200.0,0.0,2400.0,1536.75,863.25
385,7,5,3,5,1200.0,10.0,5400.0,3981.88,1418.12
56,10,2,5,4,3800.0,0.0,15200.0,11351.46,3848.54
118,19,11,6,14,120.0,5.0,1596.0,1132.04,463.96
900,4,3,3,13,650.0,0.0,8450.0,5926.42,2523.58
797,2,7,2,3,4500.0,0.0,13500.0,9262.51,4237.49
779,18,6,7,7,2800.0,0.0,19600.0,11431.01,8168.99
1016,14,12,5,11,3200.0,10.0,31680.0,17798.49,13881.51
803,16,2,9,12,3800.0,5.0,43320.0,29810.45,13509.55
845,11,6,3,6,2800.0,20.0,13440.0,9350.98,4089.02
855,10,2,8,14,3800.0,20.0,42560.0,23807.83,18752.17
707,17,2,6,7,3800.0,20.0,21280.0,15653.79,5626.21
22,14,2,4,5,3800.0,20.0,15200.0,8637.07,6562.93
843,4,11,9,13,120.0,0.0,1560.0,947.2,612.8
192,19,3,5,6,650.0,10.0,3510.0,2402.52,1107.48
1019,2,2,10,5,3800.0,10.0,17100.0,9985.96,7114.04
396,7,4,6,14,450.0,15.0,5355.0,3004.6,2350.4
1031,9,9,9,7,180.0,5.0,1197.0,737.63,459.37
640,19,6,7,2,2800.0,20.0,4480.0,3150.31,1329.69
1019,16,1,5,14,12500.0,0.0,175000.0,110728.75,64271.25
567,16,8,2,11,1900.0,5.0,19855.0,13513.21,6341.79
231,18,12,4,5,3200.0,20.0,12800.0,8523.82,4276.18
874,11,7,2,6,4500.0,0.0,27000.0,14969.98,12030.02
574,7,10,3,6,95.0,5.0,541.5,404.88,136.62
240,9,3,10,5,650.0,10.0,2925.0,1632.99,1292.01
90,4,1,3,10,12500.0,10.0,112500.0,83650.56,28849.44
232,13,5,4,7,1200.0,0.0,8400.0,5543.77,2856.23
457,4,13,6,10,850.0,0.0,8500.0,6312.37,2187.63
233,19,4,3,8,450.0,20.0,2880.0,1650.1,1229.9
354,2,10,10,7,95.0,15.0,565.25,366.33,198.92
1005,9,8,1,5,1900.0,5.0,9025.0,5269.7,3755.3
439,12,1,1,1,12500.0,15.0,10625.0,5952.07,4672.93
345,2,10,9,13,95.0,0.0,1235.0,831.78,403.22
664,6,1,9,5,12500.0,0.0,62500.0,36972.29,25527.71
657,5,12,5,10,3200.0,5.0,30400.0,20293.2,10106.8
130,5,4,9,2,450.0,0.0,900.0,515.23,384.77
141,20,8,7,13,1900.0,20.0,19760.0,12180.01,7579.99
415,5,5,9,5,1200.0,0.0,6000.0,4237.96,1762.04
626,4,2,7,5,3800.0,10.0,17100.0,10899.72,6200.28
284,9,6,9,2,2800.0,0.0,5600.0,3783.07,1816.93
223,10,5,2,5,1200.0,0.0,6000.0,4076.95,1923.05
743,16,2,8,13,3800.0,20.0,39520.0,28405.04,11114.96
463,10,13,7,4,850.0,0.0,3400.0,2090.95,1309.05
357,10,11,6,1,120.0,20.0,96.0,66.0,30.0
1047,19,11,5,3,120.0,10.0,324.0,240.51,83.49
859,10,11,4,1,120.0,5.0,114.0,79.35,34.65
665,6,3,7,12,650.0,0.0,7800.0,5054.2,2745.8
1015,17,9,3,11,180.0,10.0,1782.0,1204.89,577.11
85,5,7,8,5,4500.0,0.0,22500.0,15703.57,6796.43
621,6,7,2,4,4500.0,5.0,17100.0,11498.98,5601.02
1055,15,11,1,7,120.0,0.0,840.0,464.8,375.2
240,19,6,2,5,2800.0,0.0,14000.0,8245.37,5754.63
363,18,8,9,10,1900.0,0.0,19000.0,13529.78,5470.22
822,4,4,5,14,450.0,0.0,6300.0,3808.54,2491.46
668,8,8,8,4,1900.0,20.0,6080.0,4233.58,1846.42
99,16,4,3,2,450.0,10.0,810.0,505.78,304.22
47,19,8,7,4,1900.0,5.0,7220.0,4724.6,2495.4
839,20,9,2,12,180.0,20.0,1728.0,973.89,754.11
422,3,3,8,2,650.0,10.0,1170.0,685.91,484.09
62,10,3,7,8,650.0,10.0,4680.0,3469.94,1210.06
1010,2,11,5,3,120.0,20.0,288.0,209.67,78.33
598,4,13,4,9,850.0,15.0,6502.5,4424.66,2077.84
392,6,2,1,13,3800.0,10.0,44460.0,28540.16,15919.84
977,11,13,5,4,850.0,15.0,2890.0,1980.09,909.91
1076,14,10,9,13,95.0,0.0,1235.0,832.05,402.95
603,16,3,10,6,650.0,0.0,3900.0,2588.47,1311.53
337,19,3,4,10,650.0,10.0,5850.0,3286.74,2563.26
810,2,5,9,5,1200.0,0.0,6000.0,4059.36,1940.64
751,17,5,2,10,1200.0,5.0,11400.0,8023.14,3376.86
881,9,2,4,13,3800.0,15.0,41990.0,31442.8,10547.2
635,17,12,9,1,3200.0,15.0,2720.0,1502.03,1217.97
254,15,10,4,9,95.0,10.0,769.5,535.6,233.9
20,7,13,5,1,850.0,0.0,850.0,564.7,285.3
528,19,6,8,8,2800.0,0.0,22400.0,14264.55,8135.45
376,3,5,1,9,1200.0,20.0,8640.0,4972.44,3667.56
166,1,6,1,9,2800.0,20.0,20160.0,12737.43,7422.57
861,4,1,9,1,12500.0,15.0,10625.0,6596.8,4028.2
617,18,5,9,2,1200.0,10.0,2160.0,1318.82,841.18
612,8,9,4,12,180.0,10.0,1944.0,1353.37,590.63
503,19,12,2,13,3200.0,5.0,39520.0,27274.53,12245.47
913,6,10,9,1,95.0,0.0,95.0,63.44,31.56
79,1,2,4,10,3800.0,0.0,38000.0,28033.85,9966.15
585,8,1,6,2,12500.0,15.0,21250.0,13174.38,8075.62
687,1,10,1,10,95.0,20.0,760.0,455.06,304.94
396,19,13,9,12,850.0,5.0,9690.0,6600.64,3089.36
402,11,11,5,8,120.0,5.0,912.0,537.86,374.14
975,15,9,3,5,180.0,5.0,855.0,524.12,330.88
224,11,10,4,12,95.0,15.0,969.0,576.48,392.52
518,19,9,1,11,180.0,0.0,1980.0,1116.38,863.62
634,10,9,9,7,180.0,20.0,1008.0,721.22,286.78
236,12,6,8,2,2800.0,5.0,5320.0,3196.83,2123.17
116,1,8,4,8,1900.0,20.0,12160.0,7838.4,4321.6
226,7,11,2,11,120.0,0.0,1320.0,737.44,582.56
230,17,13,9,6,850.0,10.0,4590.0,3166.49,1423.51
182,10,1,4,8,12500.0,10.0,90000.0,55450.1,34549.9
210,6,10,9,1,95.0,20.0,76.0,53.12,22.88
96,17,4,10,1,450.0,0.0,450.0,284.62,165.38
894,18,1,3,12,12500.0,0.0,150000.0,88372.67,61627.33
755,5,8,7,7,1900.0,15.0,11305.0,7378.04,3926.96
415,18,1,7,8,12500.0,15.0,85000.0,48968.58,36031.42
394,17,3,10,13,650.0,10.0,7605.0,4852.81,2752.19
695,16,13,4,3,850.0,0.0,2550.0,1564.33,985.67
844,8,4,2,5,450.0,0.0,2250.0,1647.88,602.12
604,13,8,9,12,1900.0,0.0,22800.0,12817.83,9982.17
582,16,6,4,1,2800.0,15.0,2380.0,1639.35,740.65
133,11,10,8,7,95.0,0.0,665.0,390.06,274.94
790,6,12,2,5,3200.0,15.0,13600.0,8347.8,5252.2
649,3,7,8,8,4500.0,0.0,36000.0,22791.7,13208.3
221,1,8,10,13,1900.0,20.0,19760.0,14456.48,5303.52
976,18,2,5,8,3800.0,15.0,25840.0,15465.64,10374.36
1070,5,13,7,9,850.0,5.0,7267.5,4129.84,3137.66
787,13,10,7,7,95.0,20.0,532.0,326.51,205.49
690,10,11,9,11,120.0,15.0,1122.0,640.59,481.41
39,5,8,3,1,1900.0,10.0,1710.0,984.48,725.52
689,14,3,10,13,650.0,15.0,7182.5,4774.71,2407.79
162,17,7,4,3,4500.0,10.0,12150.0,6830.49,5319.51
161,1,3,10,8,650.0,0.0,5200.0,2892.17,2307.83
1078,2,7,4,3,4500.0,0.0,13500.0,9353.92,4146.08
1058,7,11,10,8,120.0,20.0,768.0,477.95,290.05
242,10,12,5,1,3200.0,20.0,2560.0,1472.19,1087.81
967,20,13,6,5,850.0,0.0,4250.0,2553.07,1696.93
890,7,2,3,4,3800.0,0.0,15200.0,10311.94,4888.06
113,16,10,4,5,95.0,0.0,475.0,287.43,187.57
1014,5,6,3,8,2800.0,0.0,22400.0,14535.45,7864.55
318,12,3,2,10,650.0,20.0,5200.0,2986.56,2213.44
23,17,3,10,14,650.0,15.0,7735.0,5164.03,2570.97
824,16,9,9,4,180.0,0.0,720.0,441.52,278.48
700,20,7,1,11,4500.0,0.0,49500.0,33431.99,16068.01
1019,16,5,2,4,1200.0,0.0,4800.0,3416.06,1383.94
1068,19,12,8,3,3200.0,0.0,9600.0,6454.36,3145.64
128,15,10,7,7,95.0,15.0,565.25,344.32,220.93
876,12,7,1,3,4500.0,0.0,13500.0,8115.51,5384.49
158,10,9,5,12,180.0,0.0,2160.0,1329.45,830.55
827,2,1,10,3,12500.0,5.0,35625.0,20766.67,14858.33
852,7,7,6,11,4500.0,5.0,47025.0,27567.67,19457.33
512,13,6,5,10,2800.0,20.0,22400.0,15862.3,6537.7
45,3,10,4,5,95.0,0.0,475.0,297.8,177.2
219,15,12,1,5,3200.0,0.0,16000.0,10195.18,5804.82
443,1,9,7,14,180.0,10.0,2268.0,1516.86,751.14
315,3,1,9,6,12500.0,10.0,67500.0,45085.32,22414.68
177,10,13,6,8,850.0,15.0,5780.0,3256.89,2523.11
228,15,4,3,10,450.0,0.0,4500.0,3223.39,1276.61
267,6,9,10,6,180.0,0.0,1080.0,632.3,447.7
870,20,4,4,12,450.0,20.0,4320.0,3000.73,1319.27
838,15,10,10,1,95.0,0.0,95.0,66.93,28.07
489,7,3,5,8,650.0,0.0,5200.0,3603.5,1596.5
701,5,9,1,8,180.0,5.0,1368.0,910.81,457.19
799,4,13,5,9,850.0,0.0,7650.0,4229.85,3420.15
996,18,2,1,9,3800.0,0.0,34200.0,21274.97,12925.03
357,3,4,9,2,450.0,20.0,720.0,483.1,236.9
872,17,6,7,2,2800.0,0.0,5600.0,3513.95,2086.05
204,18,2,3,3,3800.0,20.0,9120.0,6590.99,2529.01
552,18,8,9,1,1900.0,20.0,1520.0,929.88,590.12
323,2,8,2,4,1900.0,0.0,7600.0,4626.17,2973.83
594,13,1,7,14,12500.0,15.0,148750.0,89725.93,59024.07
181,15,12,9,4,3200.0,0.0,12800.0,7891.92,4908.08
499,5,3,6,14,650.0,20.0,7280.0,4815.58,2464.42
83,3,10,10,9,95.0,20.0,684.0,472.92,211.08
303,5,9,5,9,180.0,0.0,1620.0,1105.67,514.33
262,5,5,7,9,1200.0,20.0,8640.0,6147.74,2492.26
783,5,6,6,10,2800.0,10.0,25200.0,18325.01,6874.99
914,3,4,5,7,450.0,15.0,2677.5,1909.64,767.86
691,3,10,2,14,95.0,0.0,1330.0,736.54,593.46
944,20,2,8,2,3800.0,0.0,7600.0,5298.6,2301.4
683,18,11,7,10,120.0,0.0,1200.0,710.02,489.98
688,20,8,6,5,1900.0,0.0,9500.0,5477.56,4022.44
396,4,11,5,4,120.0,0.0,480.0,325.29,154.71
839,1,13,5,12,850.0,10.0,9180.0,5636.05,3543.95
878,16,6,9,11,2800.0,0.0,30800.0,17291.84,13508.16
823,8,5,1,8,1200.0,10.0,8640.0,4989.82,3650.18
49,17,9,9,2,180.0,15.0,306.0,168.36,137.64
788,8,1,6,6,12500.0,15.0,63750.0,46578.6,17171.4
293,7,5,4,13,1200.0,5.0,14820.0,8223.97,6596.03
536,8,6,10,5,2800.0,5.0,13300.0,7872.15,5427.85
311,12,5,7,12,1200.0,10.0,12960.0,8206.95,4753.05
537,16,6,9,2,2800.0,0.0,5600.0,3479.36,2120.64
639,12,6,5,11,2800.0,0.0,30800.0,22556.23,8243.77
234,19,7,5,10,4500.0,20.0,36000.0,20090.08,15909.92
605,10,4,8,1,450.0,0.0,450.0,293.6,156.4
94,7,11,7,8,120.0,5.0,912.0,625.72,286.28
327,12,8,8,2,1900.0,20.0,3040.0,2238.47,801.53
225,20,7,10,7,4500.0,10.0,28350.0,19110.0,9240.0
967,5,9,2,9,180.0,20.0,1296.0,921.13,374.87
890,16,7,9,9,4500.0,0.0,40500.0,22953.17,17546.83
11,9,3,3,8,650.0,0.0,5200.0,3261.38,1938.62
1036,7,3,6,11,650.0,0.0,7150.0,4467.24,2682.76
35,20,8,6,14,1900.0,0.0,26600.0,19345.05,7254.95
447,14,5,2,12,1200.0,20.0,11520.0,6684.76,4835.24
441,11,4,7,10,450.0,5.0,4275.0,2481.11,1793.89
653,7,8,9,9,1900.0,5.0,16245.0,10002.24,6242.76
595,10,6,10,2,2800.0,0.0,5600.0,3141.0,2459.0
229,9,2,1,6,3800.0,0.0,22800.0,13372.01,9427.99
344,4,4,8,4,450.0,0.0,1800.0,1337.48,462.52
989,16,12,2,14,3200.0,0.0,44800.0,28476.53,16323.47
909,10,11,1,4,120.0,5.0,456.0,308.44,147.56
527,19,4,8,5,450.0,0.0,2250.0,1564.25,685.75
75,17,6,2,12,2800.0,15.0,28560.0,17804.08,10755.92
196,9,6,6,3,2800.0,0.0,8400.0,4867.34,3532.66
29,13,1,6,14,12500.0,0.0,175000.0,103480.34,71519.66
705,1,8,5,1,1900.0,15.0,1615.0,989.44,625.56
1021,2,6,8,8,2800.0,0.0,22400.0,15169.59,7230.41
16,13,3,3,5,650.0,10.0,2925.0,1841.74,1083.26
805,9,9,10,3,180.0,20.0,432.0,238.19,193.81
940,7,2,4,10,3800.0,5.0,36100.0,23634.0,12466.0
967,16,11,7,14,120.0,0.0,1680.0,1233.63,446.37
229,19,8,7,7,1900.0,10.0,11970.0,8527.61,3442.39
962,7,10,8,7,95.0,0.0,665.0,475.5,189.5
714,6,3,2,1,650.0,15.0,552.5,391.73,160.77
984,18,13,2,12,850.0,0.0,10200.0,6270.41,3929.59
573,19,12,4,9,3200.0,0.0,28800.0,20247.52,8552.48
615,11,5,10,2,1200.0,0.0,2400.0,1388.72,1011.28
326,12,6,9,5,2800.0,0.0,14000.0,9541.61,4458.39
875,10,10,10,13,95.0,10.0,1111.5,753.95,357.55
359,13,6,9,14,2800.0,0.0,39200.0,21760.47,17439.53
324,12,4,4,5,450.0,10.0,2025.0,1432.88,592.12
165,10,3,9,14,650.0,0.0,9100.0,6648.91,2451.09
797,20,4,3,8,450.0,15.0,3060.0,1846.66,1213.34
455,18,1,5,14,12500.0,10.0,157500.0,112215.31,45284.69
193,4,4,10,8,450.0,15.0,3060.0,1733.43,1326.57
627,5,1,9,14,12500.0,0.0,175000.0,117248.88,57751.12
530,5,12,6,7,3200.0,0.0,22400.0,14495.7,7904.3
1034,12,1,3,7,12500.0,5.0,83125.0,54794.73,28330.27
92,3,10,10,12,95.0,0.0,1140.0,838.17,301.83
139,8,6,9,11,2800.0,0.0,30800.0,22307.3,8492.7
481,2,5,6,6,1200.0,0.0,7200.0,5090.52,2109.48
449,18,11,4,6,120.0,0.0,720.0,435.41,284.59
869,9,4,4,11,450.0,5.0,4702.5,3443.94,1258.56
340,13,13,8,9,850.0,20.0,6120.0,3485.35,2634.65
1076,7,11,7,6,120.0,5.0,684.0,492.94,191.06
466,10,3,1,12,650.0,5.0,7410.0,4561.83,2848.17
717,9,1,6,13,12500.0,20.0,130000.0,72898.08,57101.92
798,15,6,8,13,2800.0,0.0,36400.0,24892.92,11507.08
475,5,2,3,2,3800.0,15.0,6460.0,3851.81,2608.19
401,12,8,9,2,1900.0,0.0,3800.0,2275.11,1524.89
605,1,10,10,13,95.0,0.0,1235.0,754.84,480.16
932,12,5,2,5,1200.0,10.0,5400.0,3038.78,2361.22
997,6,7,6,4,4500.0,20.0,14400.0,8430.13,5969.87
922,19,10,1,11,95.0,15.0,888.25,489.45,398.8
821,19,12,2,2,3200.0,20.0,5120.0,3272.1,1847.9
657,16,2,5,3,3800.0,0.0,11400.0,6462.1,4937.9
598,19,13,1,7,850.0,0.0,5950.0,4084.86,1865.14
514,3,8,8,8,1900.0,20.0,12160.0,7261.03,4898.97
1030,10,2,1,12,3800.0,0.0,45600.0,33685.4,11914.6
500,18,4,9,13,450.0,0.0,5850.0,4236.86,1613.14
716,13,1,10,6,12500.0,0.0,75000.0,45591.61,29408.39
601,18,5,3,11,1200.0,5.0,12540.0,8861.3,3678.7
666,3,9,2,5,180.0,5.0,855.0,607.6,247.4
468,3,1,1,13,12500.0,0.0,162500.0,121438.3,41061.7
161,12,9,9,1,180.0,0.0,180.0,120.52,59.48
270,20,11,4,8,120.0,5.0,912.0,516.55,395.45
1080,7,8,1,3,1900.0,15.0,4845.0,3291.54,1553.46
228,8,6,1,6,2800.0,10.0,15120.0,10205.94,4914.06
849,9,7,7,3,4500.0,0.0,13500.0,9148.55,4351.45
149,14,3,2,7,650.0,10.0,4095.0,2503.8,1591.2
1070,5,1,7,13,12500.0,0.0,162500.0,117314.59,45185.41
632,19,5,7,14,1200.0,5.0,15960.0,11840.64,4119.36
413,16,12,10,7,3200.0,0.0,22400.0,13295.35,9104.65
520,12,12,9,12,3200.0,15.0,32640.0,18527.46,14112.54
387,4,2,7,9,3800.0,0.0,34200.0,20140.62,14059.38
275,8,5,1,5,1200.0,10.0,5400.0,3856.2,1543.8
353,7,8,8,8,1900.0,0.0,15200.0,10417.0,4783.0
1090,15,11,8,10,120.0,5.0,1140.0,772.02,367.98
598,6,9,4,10,180.0,15.0,1530.0,964.45,565.55
558,5,2,8,8,3800.0,10.0,27360.0,18209.87,9150.13
113,14,12,4,1,3200.0,15.0,2720.0,1663.48,1056.52
141,13,3,8,12,650.0,0.0,7800.0,5034.43,2765.57
729,10,3,5,5,650.0,0.0,3250.0,2302.99,947.01
589,18,1,4,3,12500.0,15.0,31875.0,23786.67,8088.33
411,4,8,6,1,1900.0,0.0,1900.0,1399.35,500.65
377,8,6,2,4,2800.0,0.0,11200.0,8251.86,2948.14
750,11,12,2,8,3200.0,0.0,25600.0,16139.39,9460.61
627,17,13,2,3,850.0,15.0,2167.5,1395.35,772.15
995,18,8,9,10,1900.0,10.0,17100.0,11818.27,5281.73
702,11,11,10,2,120.0,0.0,240.0,176.27,63.73
462,16,9,3,11,180.0,0.0,1980.0,1145.23,834.77
12,12,5,10,9,1200.0,15.0,9180.0,5607.59,3572.41
477,13,12,4,10,3200.0,20.0,25600.0,14792.94,10807.06
939,16,3,10,5,650.0,20.0,2600.0,1748.24,851.76
401,1,5,8,14,1200.0,5.0,15960.0,9755.71,6204.29
808,16,5,4,7,1200.0,0.0,8400.0,5167.86,3232.14
177,15,5,10,11,1200.0,10.0,11880.0,6702.5,5177.5
57,6,3,10,11,650.0,5.0,6792.5,4211.07,2581.43
448,12,11,7,2,120.0,15.0,204.0,147.39,56.61
203,8,10,5,9,95.0,20.0,684.0,408.08,275.92
737,7,4,9,13,450.0,20.0,4680.0,3224.7,1455.3
202,2,9,4,9,180.0,20.0,1296.0,876.0,420.0
363,12,13,3,4,850.0,15.0,2890.0,2088.59,801.41
892,14,10,2,4,95.0,20.0,304.0,175.24,128.76
454,16,9,1,6,180.0,0.0,1080.0,805.16,274.84
356,11,2,6,10,3800.0,15.0,32300.0,21528.78,10771.22
216,20,8,10,10,1900.0,10.0,17100.0,12809.52,4290.48
972,9,8,2,10,1900.0,5.0,18050.0,13218.07,4831.93
555,10,7,8,6,4500.0,10.0,24300.0,14441.57,9858.43
887,17,8,6,12,1900.0,0.0,22800.0,12796.1,10003.9
23,12,3,5,1,650.0,20.0,520.0,312.59,207.41
155,6,13,2,14,850.0,0.0,11900.0,7800.6,4099.4
249,19,6,7,14,2800.0,0.0,39200.0,22905.32,16294.68
748,11,1,2,9,12500.0,0.0,112500.0,65642.84,46857.16
805,9,7,5,2,4500.0,0.0,9000.0,5782.67,3217.33
134,6,1,2,5,12500.0,15.0,53125.0,29572.22,23552.78
321,16,9,10,9,180.0,10.0,1458.0,837.44,620.56
390,20,1,2,4,12500.0,0.0,50000.0,31658.61,18341.39
434,16,1,7,11,12500.0,0.0,137500.0,77361.07,60138.93
1046,6,7,9,3,4500.0,0.0,13500.0,8496.24,5003.76
873,5,2,5,7,3800.0,15.0,22610.0,14578.96,8031.04
858,4,5,7,6,1200.0,0.0,7200.0,4609.82,2590.18
51,2,8,4,8,1900.0,10.0,13680.0,9902.06,3777.94
176,6,8,2,3,1900.0,5.0,5415.0,3552.31,1862.69
870,9,3,3,5,650.0,15.0,2762.5,1777.93,984.57
253,17,7,2,10,4500.0,0.0,45000.0,28446.38,16553.62
966,14,3,5,4,650.0,10.0,2340.0,1669.65,670.35
738,7,6,6,13,2800.0,0.0,36400.0,26536.01,9863.99
302,19,6,7,4,2800.0,0.0,11200.0,8071.26,3128.74
548,1,3,3,4,650.0,5.0,2470.0,1691.23,778.77
715,20,7,4,10,4500.0,0.0,45000.0,25986.26,19013.74
778,15,3,8,8,650.0,0.0,5200.0,3147.94,2052.06
268,18,8,4,6,1900.0,0.0,11400.0,6375.02,5024.98
1010,3,10,7,3,95.0,0.0,285.0,209.81,75.19
551,18,4,6,10,450.0,5.0,4275.0,2916.23,1358.77
314,2,13,7,5,850.0,20.0,3400.0,2377.53,1022.47
184,10,1,1,6,12500.0,0.0,75000.0,45923.58,29076.42
712,11,4,3,5,450.0,0.0,2250.0,1618.04,631.96
128,3,7,6,6,4500.0,0.0,27000.0,16251.86,10748.14
699,7,11,3,8,120.0,0.0,960.0,528.32,431.68
386,8,4,7,7,450.0,0.0,3150.0,1969.64,1180.36
271,19,13,9,5,850.0,0.0,4250.0,2822.65,1427.35
811,18,6,3,10,2800.0,0.0,28000.0,18080.75,9919.25
415,13,9,1,6,180.0,5.0,1026.0,741.2,284.8
198,13,1,10,14,12500.0,0.0,175000.0,99939.19,75060.81
1080,19,13,6,4,850.0,15.0,2890.0,1909.61,980.39
831,12,5,1,12,1200.0,15.0,12240.0,7987.77,4252.23
628,17,11,1,9,120.0,0.0,1080.0,654.78,425.22
604,12,7,8,13,4500.0,0.0,58500.0,41795.07,16704.93
1081,13,1,9,4,12500.0,20.0,40000.0,28022.79,11977.21
1010,12,4,2,1,450.0,20.0,360.0,250.77,109.23
71,19,6,9,7,2800.0,0.0,19600.0,14214.67,5385.33
911,14,2,5,7,3800.0,10.0,23940.0,16627.69,7312.31
594,7,10,8,4,95.0,20.0,304.0,181.3,122.7
600,13,5,7,13,1200.0,15.0,13260.0,9164.15,4095.85
514,6,11,7,14,120.0,5.0,1596.0,976.02,619.98
84,19,10,4,3,95.0,0.0,285.0,170.55,114.45
994,19,1,2,8,12500.0,0.0,100000.0,56460.07,43539.93
1067,4,6,5,5,2800.0,15.0,11900.0,8315.79,3584.21
839,19,6,3,10,2800.0,5.0,26600.0,18412.53,8187.47
606,9,13,9,7,850.0,5.0,5652.5,3373.98,2278.52
810,16,4,6,4,450.0,0.0,1800.0,1259.78,540.22
133,4,13,1,4,850.0,5.0,3230.0,2369.43,860.57
1089,6,8,3,8,1900.0,0.0,15200.0,8688.41,6511.59
290,8,4,4,14,450.0,20.0,5040.0,3006.5,2033.5
376,16,8,9,8,1900.0,0.0,15200.0,10640.79,4559.21
768,5,13,6,2,850.0,15.0,1445.0,874.08,570.92
467,10,8,4,14,1900.0,10.0,23940.0,16157.89,7782.11
471,13,5,1,2,1200.0,0.0,2400.0,1358.96,1041.04
149,14,13,8,3,850.0,15.0,2167.5,1388.15,779.35
88,7,4,2,12,450.0,0.0,5400.0,3768.22,1631.78
396,20,12,8,12,3200.0,15.0,32640.0,22433.56,10206.44
789,6,13,6,3,850.0,20.0,2040.0,1454.55,585.45
865,7,2,8,1,3800.0,0.0,3800.0,2756.86,1043.14
24,5,11,6,14,120.0,0.0,1680.0,1183.79,496.21
956,18,3,5,3,650.0,0.0,1950.0,1334.42,615.58
311,12,3,5,6,650.0,0.0,3900.0,2169.74,1730.26
664,6,4,10,8,450.0,15.0,3060.0,2010.4,1049.6
438,1,4,10,13,450.0,0.0,5850.0,3261.61,2588.39
705,4,10,8,12,95.0,0.0,1140.0,811.24,328.76
422,19,11,7,14,120.0,5.0,1596.0,980.18,615.82
321,12,11,8,10,120.0,0.0,1200.0,794.98,405.02
587,15,5,8,6,1200.0,5.0,6840.0,4144.28,2695.72
947,3,4,7,5,450.0,0.0,2250.0,1589.63,660.37
849,20,11,2,4,120.0,10.0,432.0,314.19,117.81
42,8,10,9,3,95.0,5.0,270.75,170.5,100.25
939,11,8,7,13,1900.0,0.0,24700.0,17847.84,6852.16
387,16,6,6,4,2800.0,0.0,11200.0,6758.25,4441.75
910,9,6,9,14,2800.0,0.0,39200.0,25751.74,13448.26
715,3,8,1,7,1900.0,0.0,13300.0,9599.31,3700.69
431,5,7,2,1,4500.0,0.0,4500.0,2768.29,1731.71
554,20,10,1,7,95.0,10.0,598.5,443.37,155.13
800,14,11,10,1,120.0,20.0,96.0,55.14,40.86
426,15,12,3,2,3200.0,0.0,6400.0,3543.39,2856.61
26,6,10,5,4,95.0,15.0,323.0,236.06,86.94
385,4,13,1,1,850.0,0.0,850.0,479.17,370.83
56,8,8,4,11,1900.0,10.0,18810.0,14076.99,4733.01
634,19,2,8,12,3800.0,0.0,45600.0,33756.74,11843.26
106,5,9,6,11,180.0,15.0,1683.0,971.77,711.23
849,13,1,1,11,12500.0,5.0,130625.0,85888.15,44736.85
670,16,8,1,9,1900.0,0.0,17100.0,10037.43,7062.57
376,1,12,3,12,3200.0,15.0,32640.0,20747.0,11893.0
742,13,11,10,6,120.0,0.0,720.0,404.85,315.15
967,11,12,8,13,3200.0,10.0,37440.0,22268.75,15171.25
308,8,12,8,1,3200.0,5.0,3040.0,1892.87,1147.13
91,8,4,3,1,450.0,0.0,450.0,286.98,163.02
802,14,4,7,6,450.0,0.0,2700.0,2012.85,687.15
110,13,5,3,4,1200.0,10.0,4320.0,3074.0,1246.0
585,3,8,4,4,1900.0,5.0,7220.0,5035.82,2184.18
340,4,5,9,11,1200.0,20.0,10560.0,6942.23,3617.77
979,20,8,4,6,1900.0,0.0,11400.0,8185.19,3214.81
356,15,10,3,14,95.0,0.0,1330.0,821.76,508.24
168,15,1,5,12,12500.0,5.0,142500.0,98578.62,43921.38
557,13,12,7,11,3200.0,0.0,35200.0,26356.24,8843.76
905,9,10,5,7,95.0,0.0,665.0,407.6,257.4
105,10,9,4,9,180.0,0.0,1620.0,1109.38,510.62
150,12,6,8,10,2800.0,5.0,26600.0,19121.76,7478.24
146,14,3,4,5,650.0,0.0,3250.0,2382.77,867.23
715,1,13,2,9,850.0,10.0,6885.0,4775.34,2109.66
874,14,8,10,4,1900.0,15.0,6460.0,3919.42,2540.58
299,14,9,6,13,180.0,0.0,2340.0,1439.7,900.3
646,8,6,2,10,2800.0,15.0,23800.0,13188.81,10611.19
722,16,11,3,2,120.0,15.0,204.0,143.24,60.76
1072,14,7,1,3,4500.0,0.0,13500.0,7540.4,5959.6
638,1,1,5,13,12500.0,0.0,162500.0,117476.2,45023.8
239,16,5,9,11,1200.0,0.0,13200.0,7573.26,5626.74
1031,18,5,2,1,1200.0,0.0,1200.0,701.25,498.75
464,7,10,7,14,95.0,15.0,1130.5,729.52,400.98
453,15,4,5,14,450.0,0.0,6300.0,4394.73,1905.27
783,17,6,2,6,2800.0,0.0,16800.0,9707.05,7092.95
897,19,7,8,13,4500.0,5.0,55575.0,35457.64,20117.36
371,13,9,6,6,180.0,0.0,1080.0,698.3,381.7
487,9,1,4,1,12500.0,10.0,11250.0,6665.14,4584.86
165,15,6,4,11,2800.0,20.0,24640.0,14121.47,10518.53
192,3,7,2,13,4500.0,0.0,58500.0,41961.12,16538.88
729,1,3,3,3,650.0,5.0,1852.5,1205.04,647.46
214,16,8,7,5,1900.0,20.0,7600.0,4201.86,3398.14
574,8,5,3,3,1200.0,20.0,2880.0,2046.52,833.48
957,13,9,5,10,180.0,5.0,1710.0,1275.93,434.07
381,8,5,10,3,1200.0,10.0,3240.0,2174.64,1065.36
673,17,9,6,14,180.0,0.0,2520.0,1639.87,880.13
797,14,10,6,10,95.0,0.0,950.0,689.4,260.6
239,7,4,4,3,450.0,0.0,1350.0,999.68,350.32
699,15,9,6,5,180.0,0.0,900.0,630.82,269.18
505,16,5,3,13,1200.0,0.0,15600.0,9969.81,5630.19
202,19,10,7,5,95.0,5.0,451.25,301.64,149.61
920,6,9,7,4,180.0,0.0,720.0,496.93,223.07
37,1,3,4,1,650.0,0.0,650.0,382.76,267.24
644,12,4,2,5,450.0,0.0,2250.0,1438.74,811.26
764,18,9,7,10,180.0,0.0,1800.0,1288.74,511.26
705,16,10,3,5,95.0,0.0,475.0,323.45,151.55
545,12,11,1,4,120.0,0.0,480.0,303.48,176.52
540,20,6,2,6,2800.0,5.0,15960.0,10895.45,5064.55
1017,13,2,10,10,3800.0,10.0,34200.0,19618.64,14581.36
394,8,7,9,4,4500.0,20.0,14400.0,9076.31,5323.69
833,1,2,8,14,3800.0,0.0,53200.0,37698.89,15501.11
1066,7,11,6,7,120.0,10.0,756.0,449.14,306.86
597,15,2,6,7,3800.0,20.0,21280.0,12495.45,8784.55
393,13,11,1,2,120.0,20.0,192.0,142.11,49.89
699,13,1,2,3,12500.0,5.0,35625.0,21089.27,14535.73
441,9,11,4,1,120.0,20.0,96.0,57.81,38.19
918,15,11,3,8,120.0,20.0,768.0,571.33,196.67
320,4,12,1,9,3200.0,0.0,28800.0,20071.92,8728.08
553,13,11,8,4,120.0,0.0,480.0,331.16,148.84
1095,12,3,7,6,650.0,15.0,3315.0,2388.74,926.26
568,5,6,4,9,2800.0,10.0,22680.0,12999.37,9680.63
919,7,8,9,6,1900.0,0.0,11400.0,7879.58,3520.42
236,8,9,4,14,180.0,0.0,2520.0,1639.86,880.14
987,5,7,1,12,4500.0,0.0,54000.0,38654.83,15345.17
1033,9,4,10,12,450.0,10.0,4860.0,3166.91,1693.09
60,14,6,1,12,2800.0,0.0,33600.0,22648.02,10951.98
893,12,5,1,9,1200.0,0.0,10800.0,6971.92,3828.08
225,4,8,1,4,1900.0,15.0,6460.0,4170.78,2289.22
699,20,1,4,8,12500.0,0.0,100000.0,70359.4,29640.6
582,8,1,1,9,12500.0,0.0,112500.0,76017.74,36482.26
994,17,13,2,4,850.0,0.0,3400.0,2300.62,1099.38
169,8,11,4,5,120.0,0.0,600.0,384.03,215.97
1086,1,6,7,14,2800.0,15.0,33320.0,21865.31,11454.69
14,20,10,2,8,95.0,20.0,608.0,425.08,182.92
164,2,12,8,12,3200.0,0.0,38400.0,27463.23,10936.77
756,4,2,7,10,3800.0,0.0,38000.0,26193.87,11806.13
1052,1,5,9,14,1200.0,15.0,14280.0,10493.15,3786.85
446,7,1,6,6,12500.0,20.0,60000.0,42843.89,17156.11
715,1,7,4,12,4500.0,0.0,54000.0,35768.13,18231.87
976,9,1,6,7,12500.0,5.0,83125.0,56880.88,26244.12
819,3,4,4,3,450.0,0.0,1350.0,992.6,357.4
104,12,9,7,7,180.0,20.0,1008.0,679.22,328.78
741,19,1,9,12,12500.0,10.0,135000.0,96519.79,38480.21
426,15,4,3,14,450.0,15.0,5355.0,3682.97,1672.03
639,16,6,3,8,2800.0,0.0,22400.0,14792.67,7607.33
850,10,6,2,10,2800.0,0.0,28000.0,16754.29,11245.71
768,6,12,1,6,3200.0,15.0,16320.0,10366.46,5953.54
277,17,13,1,10,850.0,0.0,8500.0,6320.16,2179.84
1089,17,8,3,9,1900.0,20.0,13680.0,9323.65,4356.35
900,19,1,7,13,12500.0,0.0,162500.0,107717.85,54782.15
188,18,7,9,6,4500.0,15.0,22950.0,16904.77,6045.23
105,11,1,2,12,12500.0,0.0,150000.0,100095.35,49904.65
546,7,13,7,9,850.0,15.0,6502.5,4260.55,2241.95
380,10,7,1,13,4500.0,0.0,58500.0,41058.94,17441.06
110,7,3,2,4,650.0,0.0,2600.0,1800.59,799.41
545,5,11,6,8,120.0,0.0,960.0,565.09,394.91
354,12,8,5,11,1900.0,10.0,18810.0,12118.56,6691.44
742,16,3,8,4,650.0,15.0,2210.0,1424.35,785.65
317,18,13,2,2,850.0,0.0,1700.0,1063.6,636.4
1089,3,1,1,10,12500.0,0.0,125000.0,81682.34,43317.66
333,20,13,7,11,850.0,20.0,7480.0,4732.01,2747.99
592,15,13,6,9,850.0,0.0,7650.0,4512.5,3137.5
782,5,8,8,5,1900.0,5.0,9025.0,5708.07,3316.93
540,13,3,8,4,650.0,5.0,2470.0,1394.2,1075.8
734,19,2,2,2,3800.0,0.0,7600.0,5055.19,2544.81
621,12,1,8,1,12500.0,15.0,10625.0,7657.77,2967.23
619,5,3,6,11,650.0,10.0,6435.0,4472.69,1962.31
909,6,2,9,7,3800.0,0.0,26600.0,16547.3,10052.7
992,7,2,7,6,3800.0,0.0,22800.0,12937.04,9862.96
99,10,6,2,2,2800.0,0.0,5600.0,3306.41,2293.59
317,16,12,8,8,3200.0,10.0,23040.0,15185.62,7854.38
123,8,1,9,11,12500.0,0.0,137500.0,81319.07,56180.93
798,9,2,7,4,3800.0,10.0,13680.0,9012.31,4667.69
457,4,6,4,8,2800.0,0.0,22400.0,13357.56,9042.44
522,8,3,9,7,650.0,0.0,4550.0,3275.02,1274.98
520,7,4,4,5,450.0,0.0,2250.0,1416.27,833.73
917,15,1,4,10,12500.0,5.0,118750.0,71144.33,47605.67
716,3,8,9,10,1900.0,15.0,16150.0,11506.31,4643.69
315,17,13,8,12,850.0,0.0,10200.0,6309.39,3890.61
708,11,7,4,8,4500.0,5.0,34200.0,19572.58,14627.42
709,9,7,8,14,4500.0,0.0,63000.0,41837.16,21162.84
1044,5,3,8,9,650.0,5.0,5557.5,3703.03,1854.47
560,10,10,7,5,95.0,0.0,475.0,329.15,145.85
969,15,10,10,10,95.0,10.0,855.0,511.33,343.67
356,14,3,6,5,650.0,20.0,2600.0,1660.76,939.24
1078,4,2,8,2,3800.0,5.0,7220.0,4378.74,2841.26
890,20,12,7,5,3200.0,0.0,16000.0,9059.05,6940.95
792,2,1,5,3,12500.0,0.0,37500.0,27199.6,10300.4
265,12,7,4,7,4500.0,20.0,25200.0,17533.5,7666.5
982,1,7,2,10,4500.0,15.0,38250.0,23343.69,14906.31
802,20,12,8,5,3200.0,0.0,16000.0,10717.99,5282.01
43,5,2,9,8,3800.0,0.0,30400.0,17943.68,12456.32
862,6,7,4,1,4500.0,0.0,4500.0,3276.21,1223.79
350,11,13,4,3,850.0,10.0,2295.0,1314.99,980.01
912,8,8,5,3,1900.0,5.0,5415.0,2982.41,2432.59
1,7,1,2,9,12500.0,15.0,95625.0,62194.66,33430.34
584,4,9,7,5,180.0,20.0,720.0,479.97,240.03
432,6,7,5,12,4500.0,10.0,48600.0,32357.54,16242.46
53,16,3,6,9,650.0,0.0,5850.0,3281.28,2568.72
940,20,8,4,13,1900.0,15.0,20995.0,12865.92,8129.08
520,15,7,8,9,4500.0,5.0,38475.0,25002.59,13472.41
147,14,11,8,1,120.0,5.0,114.0,67.64,46.36
629,12,13,5,2,850.0,20.0,1360.0,985.35,374.65
299,12,8,6,5,1900.0,0.0,9500.0,5390.51,4109.49
788,16,6,3,4,2800.0,20.0,8960.0,5801.39,3158.61
850,15,9,1,10,180.0,0.0,1800.0,1238.91,561.09
178,13,5,9,9,1200.0,15.0,9180.0,5529.58,3650.42
842,11,3,9,7,650.0,15.0,3867.5,2609.98,1257.52
878,17,3,3,6,650.0,0.0,3900.0,2791.92,1108.08
758,15,1,4,7,12500.0,0.0,87500.0,51455.9,36044.1
1092,14,12,7,1,3200.0,0.0,3200.0,2347.02,852.98
445,10,8,2,1,1900.0,15.0,1615.0,1067.05,547.95
707,12,2,3,8,3800.0,15.0,25840.0,15758.43,10081.57
602,16,3,6,13,650.0,10.0,7605.0,4838.09,2766.91
145,15,8,8,13,1900.0,10.0,22230.0,13614.51,8615.49
275,10,8,1,2,1900.0,10.0,3420.0,2376.98,1043.02
509,4,11,4,12,120.0,0.0,1440.0,1021.33,418.67
752,9,4,1,10,450.0,0.0,4500.0,3224.64,1275.36
477,20,4,2,11,450.0,5.0,4702.5,3513.49,1189.01
666,9,5,8,9,1200.0,10.0,9720.0,6884.26,2835.74
568,20,6,6,7,2800.0,0.0,19600.0,13137.43,6462.57
531,11,5,9,6,1200.0,20.0,5760.0,3558.78,2201.22
159,11,7,2,1,4500.0,0.0,4500.0,2965.14,1534.86
681,7,2,3,1,3800.0,10.0,3420.0,1909.09,1510.91
23,10,7,9,2,4500.0,20.0,7200.0,5032.55,2167.45
1071,4,10,9,6,95.0,5.0,541.5,346.12,195.38
525,5,7,6,14,4500.0,0.0,63000.0,34902.29,28097.71
728,5,1,3,6,12500.0,0.0,75000.0,42187.6,32812.4
144,11,7,5,2,4500.0,5.0,8550.0,5365.07,3184.93
668,9,5,2,1,1200.0,10.0,1080.0,720.02,359.98
681,16,3,7,10,650.0,0.0,6500.0,4178.47,2321.53
973,9,13,10,5,850.0,5.0,4037.5,2720.63,1316.87
798,4,3,8,5,650.0,5.0,3087.5,1994.71,1092.79
85,2,4,6,2,450.0,5.0,855.0,583.4,271.6
416,14,13,8,6,850.0,0.0,5100.0,3028.51,2071.49
693,3,12,2,9,3200.0,0.0,28800.0,16489.98,12310.02
482,18,2,3,2,3800.0,20.0,6080.0,4069.26,2010.74
456,6,2,7,10,3800.0,0.0,38000.0,24583.64,13416.36
827,11,1,10,2,12500.0,10.0,22500.0,12495.9,10004.1
297,18,5,1,3,1200.0,10.0,3240.0,2028.55,1211.45
950,12,4,7,13,450.0,20.0,4680.0,2673.33,2006.67
680,5,11,6,7,120.0,0.0,840.0,551.27,288.73
378,9,10,8,6,95.0,5.0,541.5,340.69,200.81
421,20,2,7,12,3800.0,0.0,45600.0,30671.95,14928.05
105,18,3,4,8,650.0,10.0,4680.0,3328.04,1351.96
330,19,7,3,8,4500.0,20.0,28800.0,17566.09,11233.91
439,3,7,3,6,4500.0,15.0,22950.0,17038.55,5911.45
382,9,12,4,12,3200.0,20.0,30720.0,20186.94,10533.06
138,4,4,9,11,450.0,10.0,4455.0,3001.15,1453.85
943,17,5,9,10,1200.0,5.0,11400.0,7821.93,3578.07
843,17,5,2,3,1200.0,15.0,3060.0,2091.04,968.96
270,2,6,5,3,2800.0,0.0,8400.0,5478.43,2921.57
396,9,9,1,1,180.0,0.0,180.0,114.44,65.56
913,9,2,4,7,3800.0,0.0,26600.0,14916.12,11683.88
464,5,5,2,5,1200.0,0.0,6000.0,3326.5,2673.5
450,15,12,8,4,3200.0,20.0,10240.0,6365.1,3874.9
20,15,3,4,10,650.0,0.0,6500.0,4008.76,2491.24
239,3,4,5,4,450.0,0.0,1800.0,1129.57,670.43
418,19,10,4,14,95.0,10.0,1197.0,691.48,505.52
1055,3,6,5,4,2800.0,10.0,10080.0,7032.15,3047.85
186,6,12,5,6,3200.0,0.0,19200.0,13850.74,5349.26
253,4,8,5,8,1900.0,15.0,12920.0,9531.64,3388.36
19,13,1,3,8,12500.0,0.0,100000.0,64847.25,35152.75
711,13,10,7,5,95.0,10.0,427.5,295.05,132.45
223,11,8,3,6,1900.0,0.0,11400.0,8220.66,3179.34
3,5,11,2,4,120.0,20.0,384.0,243.32,140.68
854,1,7,3,12,4500.0,15.0,45900.0,28085.41,17814.59
228,9,1,3,14,12500.0,0.0,175000.0,129035.36,45964.64
913,17,2,8,11,3800.0,15.0,35530.0,23205.9,12324.1
499,1,3,4,13,650.0,10.0,7605.0,4939.07,2665.93
521,3,1,3,9,12500.0,0.0,112500.0,65889.36,46610.64
701,15,9,10,8,180.0,20.0,1152.0,658.52,493.48
917,10,8,5,10,1900.0,0.0,19000.0,13650.01,5349.99
291,8,2,4,12,3800.0,5.0,43320.0,29146.85,14173.15
1077,12,13,9,10,850.0,20.0,6800.0,4183.12,2616.88
714,15,9,8,1,180.0,0.0,180.0,105.9,74.1
948,9,7,7,2,4500.0,15.0,7650.0,5057.41,2592.59
648,10,9,8,9,180.0,0.0,1620.0,1080.19,539.81
1028,20,6,5,8,2800.0,20.0,17920.0,10597.87,7322.13
684,9,6,4,14,2800.0,15.0,33320.0,23999.77,9320.23
870,15,11,7,3,120.0,0.0,360.0,204.07,155.93
1071,1,4,1,8,450.0,10.0,3240.0,2012.75,1227.25
94,2,10,6,12,95.0,20.0,912.0,625.7,286.3
940,19,10,8,1,95.0,10.0,85.5,51.71,33.79
560,14,13,7,10,850.0,20.0,6800.0,4865.64,1934.36
213,8,13,2,4,850.0,10.0,3060.0,2135.8,924.2
436,6,2,7,3,3800.0,15.0,9690.0,6858.63,2831.37
852,12,7,6,6,4500.0,5.0,25650.0,14718.52,10931.48
508,15,5,5,7,1200.0,20.0,6720.0,3884.9,2835.1
836,14,11,4,4,120.0,20.0,384.0,233.2,150.8
651,1,6,1,7,2800.0,10.0,17640.0,11529.78,6110.22
205,11,2,2,9,3800.0,0.0,34200.0,23926.43,10273.57
381,3,5,7,11,1200.0,20.0,10560.0,7574.75,2985.25
77,19,10,10,2,95.0,10.0,171.0,118.14,52.86
816,18,4,3,11,450.0,0.0,4950.0,3641.81,1308.19
767,20,9,5,3,180.0,10.0,486.0,339.11,146.89
410,2,6,8,5,2800.0,15.0,11900.0,7273.92,4626.08
106,7,2,8,3,3800.0,5.0,10830.0,6530.67,4299.33
551,8,1,6,11,12500.0,0.0,137500.0,94770.29,42729.71
826,19,5,5,8,1200.0,15.0,8160.0,4802.76,3357.24
88,15,9,2,12,180.0,15.0,1836.0,1043.84,792.16
881,10,6,9,10,2800.0,15.0,23800.0,15623.38,8176.62
540,1,10,1,8,95.0,0.0,760.0,542.89,217.11
245,6,12,2,8,3200.0,15.0,21760.0,12409.21,9350.79
578,13,7,1,12,4500.0,0.0,54000.0,38252.43,15747.57
982,14,5,4,12,1200.0,15.0,12240.0,8718.73,3521.27
716,3,10,4,9,95.0,0.0,855.0,552.72,302.28
142,11,6,5,4,2800.0,0.0,11200.0,6288.38,4911.62
893,3,5,5,5,1200.0,0.0,6000.0,3509.51,2490.49
352,19,11,8,5,120.0,15.0,510.0,352.66,157.34
545,10,9,3,8,180.0,0.0,1440.0,996.99,443.01
913,15,6,6,7,2800.0,0.0,19600.0,14301.55,5298.45
152,11,11,3,9,120.0,20.0,864.0,575.89,288.11
653,15,8,2,14,1900.0,5.0,25270.0,14525.74,10744.26
958,13,2,8,8,3800.0,0.0,30400.0,17458.2,12941.8
762,5,12,1,2,3200.0,5.0,6080.0,4220.9,1859.1
624,4,13,9,10,850.0,0.0,8500.0,4987.43,3512.57
656,13,9,7,12,180.0,0.0,2160.0,1329.86,830.14
450,9,5,10,4,1200.0,0.0,4800.0,3107.72,1692.28
720,17,7,4,6,4500.0,5.0,25650.0,14234.54,11415.46
43,2,10,3,12,95.0,0.0,1140.0,683.73,456.27
264,5,13,6,2,850.0,15.0,1445.0,912.63,532.37
1027,16,1,9,7,12500.0,20.0,70000.0,42414.91,27585.09
596,7,10,9,3,95.0,20.0,228.0,131.62,96.38
1040,1,5,4,13,1200.0,20.0,12480.0,8681.12,3798.88
1083,12,12,10,3,3200.0,15.0,8160.0,5815.06,2344.94
1013,11,10,5,11,95.0,20.0,836.0,502.85,333.15
177,12,2,9,2,3800.0,0.0,7600.0,5357.12,2242.88
63,19,12,2,11,3200.0,15.0,29920.0,18763.15,11156.85
958,12,6,2,8,2800.0,20.0,17920.0,11671.96,6248.04
1003,12,11,5,6,120.0,15.0,612.0,441.37,170.63
561,14,1,1,1,12500.0,5.0,11875.0,8312.39,3562.61
955,2,3,8,12,650.0,0.0,7800.0,5545.98,2254.02
850,2,5,5,1,1200.0,10.0,1080.0,623.56,456.44
604,4,4,10,7,450.0,0.0,3150.0,1776.42,1373.58
606,20,3,2,8,650.0,20.0,4160.0,3031.31,1128.69
830,16,10,9,5,95.0,0.0,475.0,298.09,176.91
745,10,13,2,12,850.0,15.0,8670.0,5267.68,3402.32
558,13,5,7,11,1200.0,0.0,13200.0,9173.2,4026.8
64,2,11,8,5,120.0,0.0,600.0,430.37,169.63
942,3,8,6,4,1900.0,0.0,7600.0,5490.98,2109.02
249,19,11,7,14,120.0,0.0,1680.0,1030.18,649.82
940,6,4,1,6,450.0,20.0,2160.0,1556.16,603.84
157,19,1,4,14,12500.0,0.0,175000.0,97682.69,77317.31
734,20,11,7,6,120.0,0.0,720.0,403.15,316.85
985,19,7,1,3,4500.0,10.0,12150.0,8197.65,3952.35
1090,8,8,1,9,1900.0,0.0,17100.0,9620.82,7479.18
662,14,3,6,12,650.0,0.0,7800.0,4796.39,3003.61
1044,10,6,4,11,2800.0,0.0,30800.0,21084.18,9715.82
33,3,2,3,14,3800.0,10.0,47880.0,29563.67,18316.33
558,6,7,5,7,4500.0,15.0,26775.0,15688.01,11086.99
73,15,8,9,1,1900.0,0.0,1900.0,1151.91,748.09
825,18,6,10,13,2800.0,0.0,36400.0,23351.15,13048.85
1079,14,6,10,7,2800.0,10.0,17640.0,11379.16,6260.84
61,19,5,10,5,1200.0,20.0,4800.0,3391.68,1408.32
272,10,8,3,5,1900.0,10.0,8550.0,5985.26,2564.74
246,15,1,5,14,12500.0,0.0,175000.0,112238.62,62761.38
628,4,10,10,13,95.0,10.0,1111.5,799.32,312.18
704,2,4,5,2,450.0,10.0,810.0,464.01,345.99
662,3,4,9,4,450.0,10.0,1620.0,973.73,646.27
310,7,3,10,12,650.0,20.0,6240.0,4465.31,1774.69
495,16,3,4,6,650.0,0.0,3900.0,2439.84,1460.16
338,10,4,1,10,450.0,0.0,4500.0,3358.06,1141.94
579,19,11,10,11,120.0,20.0,1056.0,679.27,376.73
10,17,1,5,7,12500.0,10.0,78750.0,55785.49,22964.51
49,19,11,1,11,120.0,10.0,1188.0,748.99,439.01
623,5,13,6,5,850.0,0.0,4250.0,2698.71,1551.29
730,20,11,10,9,120.0,0.0,1080.0,676.7,403.3
794,13,2,10,3,3800.0,0.0,11400.0,7909.49,3490.51
971,13,9,7,1,180.0,20.0,144.0,94.97,49.03
133,11,10,1,4,95.0,0.0,380.0,280.73,99.27
83,11,2,10,9,3800.0,0.0,34200.0,20526.09,13673.91
57,16,5,4,4,1200.0,20.0,3840.0,2189.23,1650.77
376,15,9,9,2,180.0,10.0,324.0,203.68,120.32
349,17,9,1,10,180.0,0.0,1800.0,1212.02,587.98
271,18,8,9,14,1900.0,0.0,26600.0,19209.45,7390.55
111,19,1,8,14,12500.0,15.0,148750.0,92111.86,56638.14
869,4,1,5,5,12500.0,0.0,62500.0,42547.33,19952.67
887,5,9,6,3,180.0,0.0,540.0,334.82,205.18
76,7,13,7,13,850.0,0.0,11050.0,7441.56,3608.44
329,2,11,4,12,120.0,0.0,1440.0,1046.82,393.18
122,1,8,6,13,1900.0,10.0,22230.0,13255.12,8974.88
41,12,10,7,9,95.0,0.0,855.0,539.38,315.62
922,10,9,6,4,180.0,20.0,576.0,431.22,144.78
642,8,7,6,6,4500.0,10.0,24300.0,17586.19,6713.81
1047,1,3,2,2,650.0,10.0,1170.0,775.63,394.37
279,12,3,5,6,650.0,0.0,3900.0,2547.97,1352.03
762,2,2,3,3,3800.0,0.0,11400.0,6918.89,4481.11
469,10,5,7,12,1200.0,5.0,13680.0,8939.08,4740.92
9,17,12,4,12,3200.0,0.0,38400.0,27634.03,10765.97
13,3,12,1,9,3200.0,15.0,24480.0,16818.61,7661.39
924,7,3,6,11,650.0,5.0,6792.5,4129.9,2662.6
923,12,6,6,2,2800.0,0.0,5600.0,3305.64,2294.36
1076,8,2,7,12,3800.0,0.0,45600.0,27498.7,18101.3
1075,20,12,8,12,3200.0,10.0,34560.0,20181.38,14378.62
653,12,3,3,9,650.0,0.0,5850.0,3329.4,2520.6
621,3,5,6,5,1200.0,15.0,5100.0,3232.52,1867.48
196,17,12,10,8,3200.0,0.0,25600.0,14660.09,10939.91
417,9,11,2,2,120.0,0.0,240.0,140.25,99.75
664,10,11,9,6,120.0,5.0,684.0,451.07,232.93
148,6,1,2,3,12500.0,0.0,37500.0,21859.49,15640.51
1001,1,13,3,12,850.0,15.0,8670.0,4879.27,3790.73
364,12,1,10,12,12500.0,0.0,150000.0,92021.67,57978.33
402,5,10,2,14,95.0,20.0,1064.0,632.08,431.92
606,13,9,9,10,180.0,15.0,1530.0,999.18,530.82
229,15,7,1,5,4500.0,10.0,20250.0,11552.09,8697.91
537,11,1,5,12,12500.0,0.0,150000.0,105053.12,44946.88
268,8,12,1,8,3200.0,0.0,25600.0,18719.92,6880.08
1035,5,8,5,10,1900.0,0.0,19000.0,13275.05,5724.95
126,2,3,8,14,650.0,0.0,9100.0,5974.75,3125.25
306,12,8,8,1,1900.0,10.0,1710.0,1234.85,475.15
628,2,5,8,5,1200.0,20.0,4800.0,3307.12,1492.88
688,16,1,2,3,12500.0,0.0,37500.0,20704.13,16795.87
1038,3,7,8,4,4500.0,0.0,18000.0,11318.72,6681.28
281,10,5,5,2,1200.0,10.0,2160.0,1555.61,604.39
443,19,6,1,9,2800.0,15.0,21420.0,13262.66,8157.34
837,8,6,7,3,2800.0,15.0,7140.0,3977.29,3162.71
389,7,8,6,2,1900.0,0.0,3800.0,2657.1,1142.9
617,1,9,5,10,180.0,0.0,1800.0,1278.73,521.27
147,12,2,1,11,3800.0,0.0,41800.0,24332.56,17467.44
521,5,9,1,9,180.0,0.0,1620.0,1065.1,554.9
630,16,12,6,7,3200.0,15.0,19040.0,11202.97,7837.03
434,4,11,10,6,120.0,15.0,612.0,424.63,187.37
144,17,10,7,1,95.0,5.0,90.25,54.54,35.71
289,2,9,10,5,180.0,20.0,720.0,441.53,278.47
14,12,13,10,12,850.0,0.0,10200.0,7333.74,2866.26
257,1,10,1,11,95.0,5.0,992.75,640.59,352.16
858,12,10,9,14,95.0,20.0,1064.0,727.72,336.28
943,12,7,4,11,4500.0,5.0,47025.0,29648.07,17376.93
464,12,1,5,3,12500.0,5.0,35625.0,21717.05,13907.95
270,19,7,2,1,4500.0,0.0,4500.0,3037.93,1462.07
623,17,10,10,4,95.0,0.0,380.0,220.77,159.23
72,20,5,8,13,1200.0,10.0,14040.0,8769.38,5270.62
74,11,6,2,2,2800.0,0.0,5600.0,3314.12,2285.88
355,13,10,3,2,95.0,0.0,190.0,130.94,59.06
497,8,7,9,3,4500.0,10.0,12150.0,8976.93,3173.07
988,10,5,2,8,1200.0,10.0,8640.0,6472.24,2167.76
580,8,7,6,8,4500.0,15.0,30600.0,19585.69,11014.31
910,20,9,4,12,180.0,20.0,1728.0,1037.67,690.33
373,8,3,7,7,650.0,5.0,4322.5,2760.2,1562.3
362,9,8,6,6,1900.0,10.0,10260.0,7381.6,2878.4
93,7,2,10,9,3800.0,0.0,34200.0,20219.08,13980.92
324,14,11,9,4,120.0,0.0,480.0,355.4,124.6
384,2,7,9,12,4500.0,10.0,48600.0,30052.94,18547.06
575,11,13,10,1,850.0,0.0,850.0,635.09,214.91
735,8,2,4,8,3800.0,0.0,30400.0,21818.74,8581.26
736,13,4,1,7,450.0,0.0,3150.0,2241.9,908.1
346,15,7,2,7,4500.0,15.0,26775.0,16428.63,10346.37
718,3,3,8,3,650.0,15.0,1657.5,914.53,742.97
780,14,2,10,4,3800.0,0.0,15200.0,9521.68,5678.32
1020,15,11,8,10,120.0,20.0,960.0,585.95,374.05
664,2,10,2,9,95.0,15.0,726.75,405.15,321.6
600,19,7,4,6,4500.0,5.0,25650.0,16700.02,8949.98
11,12,1,1,5,12500.0,0.0,62500.0,39412.89,23087.11
187,20,8,7,3,1900.0,5.0,5415.0,3665.47,1749.53
725,4,3,4,9,650.0,5.0,5557.5,3747.07,1810.43
1039,3,12,8,5,3200.0,0.0,16000.0,9186.39,6813.61
777,5,12,9,5,3200.0,0.0,16000.0,11926.29,4073.71
411,3,13,9,14,850.0,20.0,9520.0,5591.92,3928.08
956,15,2,3,4,3800.0,0.0,15200.0,9713.63,5486.37
585,19,3,5,14,650.0,0.0,9100.0,5893.37,3206.63
1076,2,5,6,4,1200.0,15.0,4080.0,2907.46,1172.54
1052,12,11,6,12,120.0,0.0,1440.0,820.58,619.42
577,5,8,10,1,1900.0,0.0,1900.0,1207.88,692.12
1041,17,10,8,7,95.0,15.0,565.25,381.94,183.31
989,14,7,6,9,4500.0,0.0,40500.0,24017.76,16482.24
742,10,7,6,3,4500.0,0.0,13500.0,9119.16,4380.84
204,3,12,4,12,3200.0,5.0,36480.0,26803.06,9676.94
1077,4,7,7,13,4500.0,20.0,46800.0,35076.77,11723.23
974,6,8,8,2,1900.0,5.0,3610.0,2008.93,1601.07
940,16,1,3,3,12500.0,0.0,37500.0,22391.91,15108.09
1078,7,4,7,1,450.0,10.0,405.0,247.88,157.12
1055,15,13,3,6,850.0,20.0,4080.0,2569.69,1510.31
1082,20,6,8,11,2800.0,0.0,30800.0,18432.3,12367.7
105,11,9,1,11,180.0,5.0,1881.0,1111.1,769.9
253,1,13,1,7,850.0,0.0,5950.0,4408.42,1541.58
295,5,2,6,11,3800.0,0.0,41800.0,30668.84,11131.16
668,13,1,10,11,12500.0,0.0,137500.0,76917.29,60582.71
549,14,13,9,2,850.0,10.0,1530.0,945.18,584.82
631,9,10,4,8,95.0,10.0,684.0,431.62,252.38
1091,17,12,6,14,3200.0,15.0,38080.0,22764.33,15315.67
299,15,2,5,6,3800.0,20.0,18240.0,12326.13,5913.87
101,7,7,1,14,4500.0,0.0,63000.0,42718.8,20281.2
1080,12,3,6,4,650.0,5.0,2470.0,1778.65,691.35
332,6,10,9,5,95.0,0.0,475.0,331.63,143.37
836,16,2,3,8,3800.0,0.0,30400.0,20018.85,10381.15
393,5,11,3,14,120.0,10.0,1512.0,1029.24,482.76
874,9,7,2,3,4500.0,0.0,13500.0,8164.77,5335.23
381,14,13,4,3,850.0,5.0,2422.5,1619.71,802.79
92,8,13,10,14,850.0,10.0,10710.0,6938.42,3771.58
447,14,2,3,14,3800.0,0.0,53200.0,30678.79,22521.21
109,12,3,2,11,650.0,20.0,5720.0,3423.47,2296.53
317,10,11,1,4,120.0,5.0,456.0,277.4,178.6
442,20,7,3,1,4500.0,0.0,4500.0,3306.88,1193.12
218,20,4,10,9,450.0,20.0,3240.0,1931.29,1308.71
673,13,13,6,8,850.0,5.0,6460.0,3926.7,2533.3
278,19,1,9,8,12500.0,15.0,85000.0,53029.02,31970.98
1009,15,13,5,14,850.0,10.0,10710.0,7312.24,3397.76
569,8,5,3,10,1200.0,0.0,12000.0,6883.77,5116.23
1010,10,12,5,6,3200.0,0.0,19200.0,14223.15,4976.85
875,3,9,5,7,180.0,20.0,1008.0,728.9,279.1
466,3,8,5,6,1900.0,20.0,9120.0,6068.84,3051.16
839,5,12,7,9,3200.0,0.0,28800.0,19722.46,9077.54
753,16,9,5,3,180.0,10.0,486.0,268.92,217.08
838,17,10,7,14,95.0,0.0,1330.0,821.66,508.34
30,6,9,9,3,180.0,5.0,513.0,363.78,149.22
359,20,7,5,3,4500.0,0.0,13500.0,7634.2,5865.8
86,20,4,2,10,450.0,10.0,4050.0,2456.17,1593.83
746,16,5,5,3,1200.0,10.0,3240.0,2161.27,1078.73
313,2,1,8,9,12500.0,15.0,95625.0,57497.65,38127.35
365,20,1,4,12,12500.0,15.0,127500.0,93941.44,33558.56
905,15,3,2,4,650.0,0.0,2600.0,1498.15,1101.85
697,18,13,10,13,850.0,5.0,10497.5,7447.75,3049.75
131,1,8,3,7,1900.0,0.0,13300.0,8666.14,4633.86
803,19,2,9,14,3800.0,10.0,47880.0,33519.17,14360.83
788,12,4,9,9,450.0,10.0,3645.0,2231.26,1413.74
351,8,2,8,11,3800.0,0.0,41800.0,27291.13,14508.87
180,6,5,8,12,1200.0,15.0,12240.0,8829.53,3410.47
773,12,9,8,7,180.0,0.0,1260.0,810.65,449.35
510,7,1,8,9,12500.0,0.0,112500.0,69968.7,42531.3
365,18,5,8,12,1200.0,10.0,12960.0,8517.71,4442.29
981,14,9,1,3,180.0,0.0,540.0,374.48,165.52
353,8,1,6,4,12500.0,0.0,50000.0,31935.63,18064.37
800,20,9,9,14,180.0,15.0,2142.0,1580.31,561.69
412,14,8,8,8,1900.0,15.0,12920.0,7868.14,5051.86
734,5,4,3,6,450.0,5.0,2565.0,1654.66,910.34
981,9,12,1,5,3200.0,0.0,16000.0,11222.17,4777.83
118,8,11,2,13,120.0,5.0,1482.0,1019.36,462.64
482,2,10,2,4,95.0,0.0,380.0,274.64,105.36
192,16,5,7,8,1200.0,20.0,7680.0,5755.1,1924.9
591,13,13,6,1,850.0,0.0,850.0,540.07,309.93
590,7,5,2,14,1200.0,0.0,16800.0,9613.47,7186.53
659,16,11,8,9,120.0,0.0,1080.0,600.57,479.43
107,7,12,9,1,3200.0,0.0,3200.0,2225.2,974.8
382,14,6,7,8,2800.0,5.0,21280.0,15423.8,5856.2
782,14,7,4,4,4500.0,0.0,18000.0,10694.57,7305.43
390,12,8,1,9,1900.0,0.0,17100.0,9946.89,7153.11
244,1,8,4,14,1900.0,20.0,21280.0,11968.74,9311.26
585,1,11,4,11,120.0,0.0,1320.0,943.19,376.81
869,12,13,8,5,850.0,15.0,3612.5,2211.85,1400.65
468,20,2,4,3,3800.0,0.0,11400.0,7185.87,4214.13
866,15,9,4,9,180.0,15.0,1377.0,895.81,481.19
934,4,7,2,11,4500.0,15.0,42075.0,30205.25,11869.75
604,7,4,10,14,450.0,0.0,6300.0,4285.05,2014.95
1015,16,4,7,14,450.0,20.0,5040.0,3391.99,1648.01
860,3,11,4,9,120.0,0.0,1080.0,631.95,448.05
13,7,8,6,4,1900.0,15.0,6460.0,4216.04,2243.96
299,6,4,3,11,450.0,0.0,4950.0,3430.73,1519.27
1075,16,13,7,4,850.0,15.0,2890.0,2152.04,737.96
786,8,6,6,12,2800.0,10.0,30240.0,17850.11,12389.89
149,6,5,3,8,1200.0,0.0,9600.0,5298.32,4301.68
122,10,3,4,2,650.0,15.0,1105.0,624.39,480.61
538,16,13,10,9,850.0,10.0,6885.0,4304.3,2580.7
376,11,10,5,13,95.0,5.0,1173.25,837.83,335.42
82,13,11,9,14,120.0,10.0,1512.0,833.76,678.24
492,6,2,6,6,3800.0,0.0,22800.0,14622.69,8177.31
356,1,9,4,9,180.0,15.0,1377.0,848.02,528.98
925,19,10,7,8,95.0,10.0,684.0,383.38,300.62
1068,12,9,2,7,180.0,0.0,1260.0,806.46,453.54
1005,6,1,4,13,12500.0,5.0,154375.0,92771.62,61603.38
123,18,10,5,14,95.0,20.0,1064.0,660.08,403.92
707,13,3,4,1,650.0,15.0,552.5,381.85,170.65
330,7,8,4,14,1900.0,0.0,26600.0,17404.65,9195.35
991,13,6,9,12,2800.0,20.0,26880.0,15454.1,11425.9
323,8,5,2,3,1200.0,10.0,3240.0,2405.0,835.0
769,17,5,6,11,1200.0,20.0,10560.0,7151.04,3408.96
433,9,6,8,14,2800.0,20.0,31360.0,22051.53,9308.47
709,20,7,8,2,4500.0,5.0,8550.0,4837.95,3712.05
793,13,1,7,5,12500.0,20.0,50000.0,27970.58,22029.42
711,2,9,10,5,180.0,20.0,720.0,398.8,321.2
539,4,3,4,5,650.0,15.0,2762.5,1623.68,1138.82
601,2,4,7,4,450.0,5.0,1710.0,1082.23,627.77
257,4,10,10,5,95.0,0.0,475.0,350.15,124.85
871,18,1,6,3,12500.0,10.0,33750.0,21647.65,12102.35
899,5,13,6,12,850.0,5.0,9690.0,5892.01,3797.99
809,19,11,2,1,120.0,5.0,114.0,75.51,38.49
677,10,10,8,5,95.0,0.0,475.0,271.88,203.12
271,18,3,8,13,650.0,5.0,8027.5,5393.69,2633.81
550,10,2,7,9,3800.0,0.0,34200.0,22698.07,11501.93
568,5,2,9,13,3800.0,10.0,44460.0,31495.4,12964.6
986,17,1,8,9,12500.0,20.0,90000.0,67260.38,22739.62
359,13,8,9,4,1900.0,15.0,6460.0,3877.13,2582.87
797,17,3,9,3,650.0,15.0,1657.5,1080.58,576.92
887,9,3,6,1,650.0,10.0,585.0,428.09,156.91
211,12,6,2,2,2800.0,10.0,5040.0,3563.47,1476.53
287,14,13,7,8,850.0,0.0,6800.0,4402.87,2397.13
742,14,8,3,1,1900.0,20.0,1520.0,1123.39,396.61
1047,8,13,7,8,850.0,10.0,6120.0,3436.06,2683.94
296,5,9,9,13,180.0,5.0,2223.0,1636.57,586.43
6,19,9,10,7,180.0,15.0,1071.0,599.87,471.13
550,14,4,10,8,450.0,0.0,3600.0,2374.06,1225.94
681,9,5,2,12,1200.0,15.0,12240.0,8911.8,3328.2
794,7,2,6,6,3800.0,0.0,22800.0,13738.01,9061.99
203,8,11,6,12,120.0,15.0,1224.0,788.81,435.19
325,14,9,9,14,180.0,0.0,2520.0,1549.46,970.54
825,14,8,9,9,1900.0,20.0,13680.0,10129.07,3550.93
244,11,3,5,3,650.0,10.0,1755.0,1254.35,500.65
327,14,11,5,10,120.0,20.0,960.0,664.13,295.87
987,8,12,9,4,3200.0,10.0,11520.0,7689.89,3830.11
1071,3,13,8,13,850.0,15.0,9392.5,6707.36,2685.14
760,18,9,7,6,180.0,0.0,1080.0,678.73,401.27
1037,3,3,8,8,650.0,0.0,5200.0,3325.45,1874.55
907,13,9,6,5,180.0,0.0,900.0,626.4,273.6
365,12,2,3,3,3800.0,0.0,11400.0,7085.68,4314.32
73,15,12,7,6,3200.0,15.0,16320.0,9184.57,7135.43
1070,18,10,8,4,95.0,10.0,342.0,193.18,148.82
274,5,9,8,9,180.0,15.0,1377.0,789.12,587.88
208,7,8,1,13,1900.0,0.0,24700.0,17881.23,6818.77
124,11,9,7,3,180.0,5.0,513.0,330.6,182.4
1034,11,5,3,4,1200.0,5.0,4560.0,3158.15,1401.85
543,15,11,2,7,120.0,0.0,840.0,528.01,311.99
60,10,11,2,7,120.0,10.0,756.0,454.92,301.08
899,15,2,8,12,3800.0,20.0,36480.0,22597.11,13882.89
886,13,8,9,12,1900.0,0.0,22800.0,16161.47,6638.53
781,14,12,3,4,3200.0,10.0,11520.0,7776.5,3743.5
442,17,6,3,6,2800.0,0.0,16800.0,12390.47,4409.53
911,13,8,6,12,1900.0,0.0,22800.0,15639.45,7160.55
1026,10,11,10,13,120.0,10.0,1404.0,932.31,471.69
832,1,5,1,3,1200.0,0.0,3600.0,2419.34,1180.66
1008,1,10,6,6,95.0,0.0,570.0,420.93,149.07
626,15,2,3,12,3800.0,20.0,36480.0,25814.71,10665.29
998,16,6,4,2,2800.0,20.0,4480.0,2485.54,1994.46
733,12,5,9,8,1200.0,10.0,8640.0,5674.99,2965.01
91,6,12,3,2,3200.0,10.0,5760.0,3960.97,1799.03
167,6,13,1,11,850.0,0.0,9350.0,6542.57,2807.43
959,12,12,3,7,3200.0,0.0,22400.0,13274.88,9125.12
207,15,5,7,9,1200.0,5.0,10260.0,7422.45,2837.55
1089,4,13,7,1,850.0,0.0,850.0,629.99,220.01
516,4,1,5,8,12500.0,0.0,100000.0,59734.31,40265.69
746,2,2,1,7,3800.0,10.0,23940.0,17392.96,6547.04
306,12,8,8,6,1900.0,0.0,11400.0,6491.11,4908.89
395,7,13,10,6,850.0,15.0,4335.0,2432.55,1902.45
187,20,13,8,6,850.0,0.0,5100.0,2936.81,2163.19
623,9,3,10,9,650.0,15.0,4972.5,2792.3,2180.2
729,9,10,10,2,95.0,20.0,152.0,109.29,42.71
240,8,3,10,1,650.0,5.0,617.5,346.92,270.58
533,14,8,2,13,1900.0,10.0,22230.0,13434.32,8795.68
141,1,8,10,12,1900.0,0.0,22800.0,13013.13,9786.87
139,12,2,3,6,3800.0,15.0,19380.0,11804.06,7575.94
459,2,8,4,10,1900.0,15.0,16150.0,9175.01,6974.99
70,13,11,1,11,120.0,20.0,1056.0,721.88,334.12
385,4,13,4,8,850.0,15.0,5780.0,3333.13,2446.87
630,20,13,5,3,850.0,0.0,2550.0,1836.94,713.06
198,18,1,3,12,12500.0,0.0,150000.0,107015.73,42984.27
205,19,6,10,10,2800.0,5.0,26600.0,14702.68,11897.32
568,16,8,2,1,1900.0,20.0,1520.0,1108.3,411.7
982,14,3,6,9,650.0,20.0,4680.0,2601.09,2078.91
805,8,8,8,13,1900.0,0.0,24700.0,14768.85,9931.15
859,12,12,7,13,3200.0,0.0,41600.0,23149.48,18450.52
882,9,1,1,1,12500.0,0.0,12500.0,7714.61,4785.39
974,6,11,4,3,120.0,0.0,360.0,235.0,125.0
640,18,11,3,8,120.0,10.0,864.0,612.86,251.14
325,2,9,6,14,180.0,10.0,2268.0,1400.71,867.29
442,8,13,9,3,850.0,10.0,2295.0,1586.07,708.93
804,14,11,9,13,120.0,0.0,1560.0,916.5,643.5
288,6,13,7,4,850.0,0.0,3400.0,2380.41,1019.59
226,10,9,9,8,180.0,0.0,1440.0,859.97,580.03
1088,8,5,8,1,1200.0,5.0,1140.0,659.73,480.27
967,17,10,5,13,95.0,10.0,1111.5,652.54,458.96
938,12,4,9,13,450.0,10.0,5265.0,3087.46,2177.54
560,17,11,7,6,120.0,20.0,576.0,375.88,200.12
713,13,6,5,1,2800.0,0.0,2800.0,2013.09,786.91
498,19,12,8,14,3200.0,0.0,44800.0,25353.26,19446.74
849,12,7,7,1,4500.0,0.0,4500.0,3111.26,1388.74
926,16,5,9,14,1200.0,0.0,16800.0,11438.6,5361.4
60,5,11,10,8,120.0,10.0,864.0,625.97,238.03
257,16,13,1,11,850.0,0.0,9350.0,5599.06,3750.94
577,6,10,9,4,95.0,0.0,380.0,243.21,136.79
239,11,9,7,12,180.0,5.0,2052.0,1508.56,543.44
38,17,3,1,1,650.0,0.0,650.0,443.3,206.7
25,14,7,1,10,4500.0,20.0,36000.0,22599.13,13400.87
410,6,10,5,7,95.0,0.0,665.0,383.23,281.77
461,11,10,8,5,95.0,15.0,403.75,243.26,160.49
988,12,11,9,5,120.0,0.0,600.0,399.75,200.25
357,13,5,6,1,1200.0,20.0,960.0,665.89,294.11
383,4,7,10,14,4500.0,5.0,59850.0,34406.83,25443.17
569,7,2,8,10,3800.0,10.0,34200.0,22911.25,11288.75
1072,2,4,6,11,450.0,20.0,3960.0,2613.88,1346.12
433,6,2,6,6,3800.0,0.0,22800.0,14883.64,7916.36
56,6,13,4,14,850.0,10.0,10710.0,7368.74,3341.26
577,18,13,5,9,850.0,0.0,7650.0,5488.8,2161.2
268,20,12,2,9,3200.0,10.0,25920.0,15930.38,9989.62
69,8,7,3,8,4500.0,5.0,34200.0,24890.84,9309.16
902,8,2,3,5,3800.0,0.0,19000.0,11060.41,7939.59
792,8,13,5,1,850.0,5.0,807.5,472.07,335.43
257,8,11,5,9,120.0,15.0,918.0,553.88,364.12
672,1,1,6,1,12500.0,0.0,12500.0,7173.83,5326.17
490,2,9,5,8,180.0,0.0,1440.0,858.33,581.67
745,12,1,6,5,12500.0,5.0,59375.0,33919.89,25455.11
49,15,8,8,3,1900.0,15.0,4845.0,3461.03,1383.97
316,4,2,2,11,3800.0,0.0,41800.0,24151.78,17648.22
413,3,12,4,7,3200.0,15.0,19040.0,13317.71,5722.29
434,14,8,6,7,1900.0,0.0,13300.0,7442.45,5857.55
1026,8,13,5,9,850.0,0.0,7650.0,5658.74,1991.26
420,13,3,1,7,650.0,10.0,4095.0,2834.69,1260.31
844,19,6,9,13,2800.0,0.0,36400.0,20069.48,16330.52
916,5,3,3,11,650.0,0.0,7150.0,5024.81,2125.19
434,13,7,2,14,4500.0,20.0,50400.0,32901.95,17498.05
643,20,10,9,3,95.0,15.0,242.25,171.0,71.25
57,1,9,7,11,180.0,0.0,1980.0,1295.91,684.09
964,16,2,5,13,3800.0,20.0,39520.0,26802.66,12717.34
977,2,12,6,14,3200.0,0.0,44800.0,31685.53,13114.47
46,7,12,4,13,3200.0,10.0,37440.0,23625.45,13814.55
417,6,5,1,1,1200.0,5.0,1140.0,627.62,512.38
848,5,13,4,8,850.0,10.0,6120.0,4406.33,1713.67
139,4,6,9,12,2800.0,20.0,26880.0,16831.67,10048.33
247,2,4,1,3,450.0,0.0,1350.0,876.43,473.57
230,10,4,10,12,450.0,0.0,5400.0,2978.39,2421.61
791,5,4,3,8,450.0,20.0,2880.0,1867.44,1012.56
637,18,2,5,8,3800.0,0.0,30400.0,22717.84,7682.16
374,10,4,7,13,450.0,0.0,5850.0,3543.07,2306.93
737,15,11,9,5,120.0,15.0,510.0,320.83,189.17
1089,9,1,6,13,12500.0,0.0,162500.0,111708.67,50791.33
88,11,12,3,12,3200.0,15.0,32640.0,23270.97,9369.03
712,17,6,7,13,2800.0,0.0,36400.0,23058.61,13341.39
601,9,1,4,1,12500.0,0.0,12500.0,7649.17,4850.83
539,16,10,3,13,95.0,20.0,988.0,728.71,259.29
214,6,6,7,10,2800.0,5.0,26600.0,18232.41,8367.59
74,11,1,7,7,12500.0,0.0,87500.0,50207.87,37292.13
61,17,6,4,12,2800.0,20.0,26880.0,15154.56,11725.44
697,4,10,7,10,95.0,5.0,902.5,583.66,318.84
12,15,8,2,5,1900.0,15.0,8075.0,4796.7,3278.3
814,1,11,1,8,120.0,15.0,816.0,490.25,325.75
32,20,2,2,9,3800.0,0.0,34200.0,24813.41,9386.59
1001,1,2,4,11,3800.0,20.0,33440.0,18991.02,14448.98
237,9,13,8,14,850.0,0.0,11900.0,8247.57,3652.43
558,12,12,3,7,3200.0,10.0,20160.0,12181.25,7978.75
647,4,4,10,14,450.0,15.0,5355.0,3759.56,1595.44
987,13,11,6,13,120.0,15.0,1326.0,920.88,405.12
820,7,3,6,7,650.0,0.0,4550.0,2509.23,2040.77
473,8,4,9,1,450.0,5.0,427.5,278.66,148.84
112,13,13,9,4,850.0,0.0,3400.0,1964.74,1435.26
383,11,12,4,2,3200.0,0.0,6400.0,4628.77,1771.23
17,9,7,9,2,4500.0,20.0,7200.0,5215.08,1984.92
493,16,13,6,2,850.0,0.0,1700.0,1077.24,622.76
926,10,11,2,4,120.0,0.0,480.0,306.66,173.34
117,11,1,10,14,12500.0,20.0,140000.0,85491.92,54508.08
880,12,6,6,1,2800.0,5.0,2660.0,1844.23,815.77
115,14,3,2,4,650.0,15.0,2210.0,1374.03,835.97
814,19,11,8,2,120.0,5.0,228.0,137.61,90.39
644,12,10,4,5,95.0,15.0,403.75,256.97,146.78
336,18,7,5,3,4500.0,15.0,11475.0,6521.21,4953.79
922,17,10,8,12,95.0,0.0,1140.0,797.23,342.77
147,3,2,8,8,3800.0,5.0,28880.0,15956.76,12923.24
122,1,2,6,4,3800.0,0.0,15200.0,10319.23,4880.77
81,19,13,4,1,850.0,15.0,722.5,423.8,298.7
685,4,4,1,1,450.0,10.0,405.0,241.57,163.43
662,16,1,7,12,12500.0,10.0,135000.0,91412.06,43587.94
375,12,3,8,10,650.0,0.0,6500.0,4865.83,1634.17
63,13,13,9,3,850.0,10.0,2295.0,1619.22,675.78
504,17,9,2,9,180.0,0.0,1620.0,964.17,655.83
668,8,7,1,7,4500.0,15.0,26775.0,15668.86,11106.14
449,13,7,4,2,4500.0,0.0,9000.0,6509.22,2490.78
868,20,13,5,13,850.0,5.0,10497.5,6706.19,3791.31
680,5,13,10,9,850.0,15.0,6502.5,3754.61,2747.89
461,18,11,1,10,120.0,0.0,1200.0,866.93,333.07
459,15,4,5,2,450.0,0.0,900.0,641.9,258.1
464,12,2,6,3,3800.0,5.0,10830.0,8087.64,2742.36
912,17,4,3,11,450.0,0.0,4950.0,3623.15,1326.85
379,15,6,7,13,2800.0,15.0,30940.0,22287.88,8652.12
1026,2,11,6,10,120.0,5.0,1140.0,638.99,501.01
364,6,11,4,14,120.0,10.0,1512.0,863.18,648.82
72,17,3,3,2,650.0,0.0,1300.0,862.94,437.06
638,16,1,5,3,12500.0,15.0,31875.0,20919.43,10955.57
337,17,12,3,6,3200.0,0.0,19200.0,12318.58,6881.42
195,20,8,10,9,1900.0,5.0,16245.0,10223.92,6021.08
1012,9,12,9,9,3200.0,5.0,27360.0,17407.58,9952.42
